-- MySQL dump 10.13  Distrib 8.0.36, for Win64 (x86_64)
--
-- Host: localhost    Database: psa
-- ------------------------------------------------------
-- Server version	8.0.36

/*!40101 SET @OLD_CHARACTER_SET_CLIENT=@@CHARACTER_SET_CLIENT */;
/*!40101 SET @OLD_CHARACTER_SET_RESULTS=@@CHARACTER_SET_RESULTS */;
/*!40101 SET @OLD_COLLATION_CONNECTION=@@COLLATION_CONNECTION */;
/*!50503 SET NAMES utf8 */;
/*!40103 SET @OLD_TIME_ZONE=@@TIME_ZONE */;
/*!40103 SET TIME_ZONE='+00:00' */;
/*!40014 SET @OLD_UNIQUE_CHECKS=@@UNIQUE_CHECKS, UNIQUE_CHECKS=0 */;
/*!40014 SET @OLD_FOREIGN_KEY_CHECKS=@@FOREIGN_KEY_CHECKS, FOREIGN_KEY_CHECKS=0 */;
/*!40101 SET @OLD_SQL_MODE=@@SQL_MODE, SQL_MODE='NO_AUTO_VALUE_ON_ZERO' */;
/*!40111 SET @OLD_SQL_NOTES=@@SQL_NOTES, SQL_NOTES=0 */;

--
-- Table structure for table `agua_potavel`
--

DROP TABLE IF EXISTS `agua_potavel`;
/*!40101 SET @saved_cs_client     = @@character_set_client */;
/*!50503 SET character_set_client = utf8mb4 */;
CREATE TABLE `agua_potavel` (
  `ID_Agua` mediumint NOT NULL AUTO_INCREMENT,
  `Volume` decimal(10,2) DEFAULT NULL COMMENT 'Volume em litros.',
  `Data_de_Validade` date DEFAULT NULL COMMENT 'Data de validade da embalagem.',
  `Nivel_de_Urgencia` tinyint DEFAULT NULL COMMENT '1 - Baixa, 2 - Média, 3 - Alta',
  `Embalagem` varchar(50) DEFAULT NULL,
  `Descricao` text,
  `Fornecedor` varchar(100) DEFAULT NULL,
  PRIMARY KEY (`ID_Agua`)
) ENGINE=InnoDB AUTO_INCREMENT=48 DEFAULT CHARSET=utf8mb4 COLLATE=utf8mb4_0900_ai_ci COMMENT='Tabela que armazena informações sobre água potável disponível para doação.';
/*!40101 SET character_set_client = @saved_cs_client */;

--
-- Dumping data for table `agua_potavel`
--

LOCK TABLES `agua_potavel` WRITE;
/*!40000 ALTER TABLE `agua_potavel` DISABLE KEYS */;
INSERT INTO `agua_potavel` VALUES (1,12.50,'2024-08-01',2,'Garrafa PET','Água mineral natural engarrafada','Kryspro'),(2,15.20,'2024-07-25',3,'Galão','Água potável tratada com ozônio','Kryspal'),(3,20.80,'2024-08-10',1,'Embalagem plástica','Água filtrada em embalagem prática','Krystech'),(4,12.30,'2024-07-20',2,'Garrafa de vidro','Água purificada em garrafa de vidro reciclável','Krysmax'),(5,18.60,'2024-07-30',3,'Garrafa PET','Água mineral natural com alto teor de cálcio','Krystrex'),(6,11.20,'2024-07-15',1,'Embalagem plástica','Água mineral natural em embalagem prática','Perriérlux'),(7,13.50,'2024-08-05',2,'Garrafa PET','Água mineral natural enriquecida com minerais','Perriérline'),(8,16.90,'2024-07-22',3,'Galão','Água mineral natural proveniente de fonte pura','Perriérwave'),(9,14.80,'2024-07-28',1,'Embalagem plástica','Água purificada em embalagem econômica','Perriérsoft'),(10,17.30,'2024-08-08',2,'Garrafa de vidro','Água potável tratada com tecnologia avançada','Perriérlux'),(11,19.50,'2024-07-18',3,'Garrafa de vidro','Água mineral natural em garrafa de vidro retornável','Perriérdeluxe'),(12,22.10,'2024-07-27',1,'Embalagem plástica','Água filtrada em embalagem prática','São Lourênco'),(13,15.70,'2024-08-03',2,'Galão','Água potável tratada com ozônio','São Loureço'),(14,18.40,'2024-07-24',3,'Embalagem plástica','Água mineral natural em embalagem prática','São Lourenço'),(15,20.60,'2024-08-12',1,'Garrafa PET','Água filtrada em embalagem prática','São Loureńço'),(16,23.20,'2024-07-19',2,'Galão','Água potável tratada com ozônio','São Lourenço'),(17,16.80,'2024-07-31',3,'Embalagem plástica','Água mineral natural em embalagem prática','São Lourencó'),(18,19.40,'2024-08-06',1,'Garrafa de vidro','Água potável tratada com tecnologia avançada','Shin'),(19,21.70,'2024-07-26',2,'Garrafa de vidro','Água mineral natural proveniente de fonte pura','Shiin'),(20,24.50,'2024-08-02',3,'Garrafa PET','Água purificada em embalagem econômica','Shin'),(21,18.30,'2024-08-09',1,'Galão','Água mineral natural com alto teor de cálcio','Shhinn'),(22,21.60,'2024-07-17',2,'Embalagem plástica','Água filtrada em embalagem prática','Shinpro'),(23,25.10,'2024-07-23',3,'Garrafa de vidro','Água purificada em garrafa de vidro retornável','Shhinmax'),(24,27.30,'2024-08-11',1,'Garrafa PET','Água potável tratada com ozônio','Kryssper'),(25,29.80,'2024-08-07',2,'Garrafa de vidro','Água mineral natural proveniente de fonte pura','Kryshin'),(26,33.20,'2024-07-29',3,'Galão','Água potável tratada com tecnologia avançada','Krystinn'),(27,35.70,'2024-08-04',1,'Garrafa PET','Água mineral natural com alto teor de cálcio','Krysin'),(28,38.40,'2024-07-21',2,'Galão','Água potável tratada com ozônio','Krysul'),(29,41.50,'2024-07-16',3,'Embalagem plástica','Água filtrada em embalagem prática','Kryspira'),(30,44.20,'2024-08-13',1,'Garrafa de vidro','Água mineral natural enriquecida com minerais','Perriérmax'),(31,47.60,'2024-07-14',2,'Garrafa de vidro','Água potável tratada com tecnologia avançada','Perriérpro'),(32,50.80,'2024-08-14',3,'Galão','Água mineral natural em embalagem prática','Perriérline'),(33,54.30,'2024-07-13',1,'Embalagem plástica','Água purificada em embalagem econômica','Perriérsoft'),(34,58.20,'2024-08-15',2,'Galão','Água potável tratada com ozônio','Perriérwave'),(35,62.10,'2024-07-12',3,'Garrafa de vidro','Água mineral natural proveniente de fonte pura','Perriérflare'),(36,65.70,'2024-08-16',1,'Garrafa PET','Água mineral natural em embalagem prática','Perriérnova'),(37,68.90,'2024-07-11',2,'Embalagem plástica','Água filtrada em embalagem prática','Perriérwave'),(38,72.50,'2024-08-17',3,'Galão','Água potável tratada com ozônio','Perriérlux'),(39,75.40,'2024-07-10',1,'Garrafa de vidro','Água mineral natural enriquecida com minerais','Perriérmax'),(40,78.60,'2024-08-18',2,'Garrafa PET','Água purificada em embalagem econômica','Perriérpro'),(41,82.30,'2024-07-09',3,'Galão','Água potável tratada com tecnologia avançada','Perriérline'),(42,85.70,'2024-08-19',1,'Embalagem plástica','Água filtrada em embalagem prática','Perriérsoft'),(43,89.50,'2024-07-08',2,'Garrafa de vidro','Água mineral natural proveniente de fonte pura','Perriérwave'),(44,92.60,'2024-08-20',3,'Galão','Água potável tratada com ozônio','Perriérnova'),(45,96.20,'2024-07-07',1,'Garrafa PET','Água mineral natural em embalagem prática','Perriérnova'),(46,99.50,'2024-08-21',2,'Embalagem plástica','Água purificada em embalagem econômica','Perriérwave'),(47,102.80,'2024-07-06',3,'Galão','Água potável tratada com tecnologia avançada','Perriérlux');
/*!40000 ALTER TABLE `agua_potavel` ENABLE KEYS */;
UNLOCK TABLES;

--
-- Table structure for table `alimentos`
--

DROP TABLE IF EXISTS `alimentos`;
/*!40101 SET @saved_cs_client     = @@character_set_client */;
/*!50503 SET character_set_client = utf8mb4 */;
CREATE TABLE `alimentos` (
  `ID_Alimentos` mediumint NOT NULL AUTO_INCREMENT,
  `Nome` varchar(100) DEFAULT NULL,
  `Categoria` varchar(50) DEFAULT NULL,
  `Data_de_Validade` date DEFAULT NULL COMMENT 'A data de validade do alimento.',
  `Quantidade` decimal(10,2) DEFAULT NULL COMMENT 'Quantidade em quilogramas.',
  `Descricao` text,
  `Nivel_de_Urgencia` tinyint DEFAULT NULL,
  `Fornecedor` varchar(100) DEFAULT NULL,
  PRIMARY KEY (`ID_Alimentos`)
) ENGINE=InnoDB AUTO_INCREMENT=157 DEFAULT CHARSET=utf8mb4 COLLATE=utf8mb4_0900_ai_ci COMMENT='Tabela que armazena informações sobre alimentos disponíveis para doação.';
/*!40101 SET character_set_client = @saved_cs_client */;

--
-- Dumping data for table `alimentos`
--

LOCK TABLES `alimentos` WRITE;
/*!40000 ALTER TABLE `alimentos` DISABLE KEYS */;
INSERT INTO `alimentos` VALUES (1,'Arroz','Grãos','2025-12-31',20.00,'Arroz branco de qualidade premium, embalado a vácuo para garantir frescor prolongado.',1,'Arroz Delícia'),(2,'Feijão','Leguminosas','2025-12-31',15.00,'Feijão carioca selecionado, embalado hermeticamente para manter sua qualidade.',2,'Feijão Top'),(3,'Macarrão','Massas','2025-12-31',25.00,'Macarrão tipo espaguete de trigo durum, embalado em pacotes individuais para facilitar o armazenamento.',3,'Massas Reunidas'),(4,'Farinha de trigo','Farináceos','2025-12-31',30.00,'Farinha de trigo especial, ideal para preparo de pães e massas.',1,'Moinho Feliz'),(5,'Óleo de soja','Óleos e gorduras','2025-12-31',18.00,'Óleo de soja refinado, fonte de ácidos graxos essenciais.',2,'Óleos do Vale'),(6,'Açúcar','Açúcares e adoçantes','2025-12-31',22.00,'Açúcar cristal branco, ideal para uso doméstico e industrial.',3,'Açúcares Finos'),(7,'Sal refinado','Temperos e condimentos','2025-12-31',17.00,'Sal refinado de alta pureza, adequado para uso culinário.',1,'Sal Marinho'),(8,'Café em pó','Café e chá','2025-12-31',21.00,'Café em pó torrado e moído, saboroso e encorpado.',2,'Café Bom Dia'),(9,'Leite em pó','Laticínios','2025-12-31',19.00,'Leite em pó integral, fonte de cálcio e vitaminas.',3,'Laticínios do Sítio'),(10,'Fermento em pó','Farináceos','2025-12-31',16.00,'Fermento em pó químico, utilizado para dar crescimento a massas.',1,'Fermento Vivo'),(11,'Fubá','Farináceos','2025-12-31',14.00,'Fubá de milho de alta qualidade, ideal para preparo de polenta e bolos.',2,'Fubá Feliz'),(12,'Creme de leite','Laticínios','2025-12-31',20.00,'Creme de leite fresco, perfeito para preparo de molhos e sobremesas.',3,'Cremoso da Fazenda'),(13,'Creme de cebola em pó','Temperos e condimentos','2025-12-31',18.00,'Tempero em pó à base de cebola, para dar sabor especial a pratos.',1,'Cebola Dourada'),(14,'Extrato de tomate','Temperos e condimentos','2025-12-31',25.00,'Extrato de tomate concentrado, essencial para preparo de molhos.',2,'Tomate Fresco'),(15,'Gelatina','Doces e sobremesas','2025-12-31',23.00,'Gelatina em pó, saborosa e fácil de preparar.',3,'Gelatinas Saborosas'),(16,'Molho de tomate','Temperos e condimentos','2025-12-31',16.00,'Molho de tomate pronto para uso, com ingredientes selecionados.',1,'Molho Bom'),(17,'Vinagre de maçã','Temperos e condimentos','2025-12-31',20.00,'Vinagre de maçã natural, ideal para temperar saladas e conservar alimentos.',2,'Vinagre da Fazenda'),(18,'Biscoito de maisena','Biscoitos e salgadinhos','2025-12-31',19.00,'Biscoito de maisena crocante e saboroso, ótimo para acompanhar o café.',3,'Biscoitos da Vovó'),(19,'Achocolatado em pó','Café e chá','2025-12-31',22.00,'Achocolatado em pó solúvel, fonte de cálcio e energia.',1,'Chocolatado Gostoso'),(20,'Geleia de morango','Doces e sobremesas','2025-12-31',18.00,'Geleia de morango artesanal, feita com frutas frescas.',2,'Morangos da Fazenda'),(21,'Polpa de frutas','Frutas','2025-12-31',21.00,'Polpa de frutas congelada, prática e versátil para preparo de sucos e sobremesas.',3,'Polpas Naturais'),(22,'Farofa pronta','Farináceos','2025-12-31',16.00,'Farofa pronta temperada, ideal para acompanhar churrascos e feijoadas.',1,'Farofa Fácil'),(23,'Catchup','Temperos e condimentos','2025-12-31',20.00,'Catchup de tomate, com sabor suave e consistência cremosa.',2,'Tomate da Roça'),(24,'Mostarda','Temperos e condimentos','2025-12-31',23.00,'Mostarda amarela suave, perfeita para sanduíches e petiscos.',3,'Mostarda da Vovó'),(25,'Milho verde em conserva','Enlatados e conservas','2025-12-31',18.00,'Milho verde em conserva, pronto para consumo.',1,'Milho Dourado'),(26,'Ervilha em conserva','Enlatados e conservas','2025-12-31',22.00,'Ervilha em conserva, selecionada e embalada cuidadosamente.',2,'Ervilha Fresca'),(27,'Atum enlatado','Enlatados e conservas','2025-12-31',20.00,'Atum em conserva, fonte de proteína e ômega-3.',3,'Atum do Mar'),(28,'Sardinha em lata','Enlatados e conservas','2025-12-31',25.00,'Sardinha em lata, rica em nutrientes e saborosa.',1,'Sardinha Feliz'),(29,'Doce de leite','Doces e sobremesas','2025-12-31',17.00,'Doce de leite tradicional, cremoso e irresistível.',2,'Doces da Fazenda'),(30,'Leite condensado','Laticínios','2025-12-31',23.00,'Leite condensado cremoso, ideal para preparo de sobremesas.',3,'Leites Especiais'),(31,'Molho shoyu','Temperos e condimentos','2025-12-31',19.00,'Molho shoyu tradicional, para dar um toque oriental aos pratos.',1,'Shoyu da Terra'),(32,'Creme de avelã','Doces e sobremesas','2025-12-31',22.00,'Creme de avelã com chocolate, perfeito para passar no pão.',2,'Cremoso de Nutella'),(33,'Goiabada','Doces e sobremesas','2025-12-31',20.00,'Goiabada cascão, produzida com goiabas selecionadas.',3,'Goiabada Real'),(34,'Bolacha recheada','Biscoitos e salgadinhos','2025-12-31',17.00,'Bolacha recheada sabor chocolate, ideal para lanches rápidos.',1,'Bolachas Reunidas'),(35,'Cereal matinal','Cereais','2025-12-31',23.00,'Cereal matinal rico em fibras e vitaminas, para um café da manhã saudável.',2,'Cereal da Manhã'),(36,'Geléia real','Doces e sobremesas','2025-12-31',21.00,'Geléia real pura, rica em nutrientes e energia.',3,'Rainha das Abelhas'),(37,'Pão de forma','Bolos, pães e massas','2025-12-31',20.00,'Pão de forma integral, fonte de fibras e nutrientes.',1,'Pães da Hora'),(38,'Chocolate em pó','Café e chá','2025-12-31',24.00,'Chocolate em pó solúvel, para preparo de bebidas quentes e sobremesas.',2,'Chocolate da Fazenda'),(39,'Doce de figo','Doces e sobremesas','2025-12-31',19.00,'Doce de figo em calda, produzido de forma artesanal.',3,'Figo Dourado'),(40,'Polenta instantânea','Farináceos','2025-12-31',18.00,'Polenta instantânea pré-cozida, prática e versátil.',1,'Polenta Fácil'),(41,'Biscoito de polvilho','Biscoitos e salgadinhos','2025-12-31',22.00,'Biscoito de polvilho assado, leve e crocante.',2,'Biscoitos da Fazenda'),(42,'Chá verde','Café e chá','2025-12-31',20.00,'Chá verde natural, antioxidante e revigorante.',3,'Chá da Montanha'),(43,'Suco em pó','Bebidas','2025-12-31',23.00,'Suco em pó sabor laranja, fácil de preparar e refrescante.',1,'Sucos da Fazenda'),(44,'Azeitonas em conserva','Enlatados e conservas','2025-12-31',19.00,'Azeitonas verdes em conserva, perfeitas para petiscos e saladas.',2,'Azeitonas do Sítio'),(45,'Molho barbecue','Temperos e condimentos','2025-12-31',17.00,'Molho barbecue defumado, ideal para carnes e sanduíches.',3,'BBQ Master'),(46,'Pasta de amendoim','Doces e sobremesas','2025-12-31',22.00,'Pasta de amendoim natural, fonte de proteínas e energia.',1,'Amendoim da Fazenda'),(47,'Arroz','Grãos','2025-12-31',20.00,'Arroz branco de qualidade superior, proveniente de lavouras selecionadas.',1,'Arroz Delícia'),(48,'Feijão','Leguminosas','2025-12-31',15.00,'Feijão carioca de primeira qualidade, pronto para o cozimento.',2,'Feijão Top'),(49,'Macarrão','Massas','2025-12-31',25.00,'Macarrão tipo espaguete de trigo durum, produzido artesanalmente.',3,'Massas Reunidas'),(50,'Farinha de trigo','Farináceos','2025-12-31',30.00,'Farinha de trigo especial, ideal para pães e bolos.',1,'Moinho Feliz'),(51,'Óleo de soja','Óleos e gorduras','2025-12-31',18.00,'Óleo de soja puro, prensado a frio para manter suas propriedades.',2,'Óleos do Vale'),(52,'Açúcar','Açúcares e adoçantes','2025-12-31',22.00,'Açúcar cristal refinado, adoça sem deixar resíduos.',3,'Açúcares Finos'),(53,'Sal refinado','Temperos e condimentos','2025-12-31',17.00,'Sal refinado iodado, indispensável na culinária.',1,'Sal Marinho'),(54,'Café em pó','Café e chá','2025-12-31',21.00,'Café em pó torrado e moído na hora, aroma irresistível.',2,'Café Bom Dia'),(55,'Leite em pó','Laticínios','2025-12-31',19.00,'Leite em pó integral, obtido a partir de leite fresco.',3,'Laticínios do Sítio'),(56,'Fermento em pó','Farináceos','2025-12-31',16.00,'Fermento em pó químico, essencial para pães e bolos.',1,'Fermento Vivo'),(57,'Fubá','Farináceos','2025-12-31',14.00,'Fubá de milho de excelente qualidade, sem aditivos.',2,'Fubá Feliz'),(58,'Creme de leite','Laticínios','2025-12-31',20.00,'Creme de leite fresco, sem conservantes.',3,'Cremoso da Fazenda'),(59,'Creme de cebola em pó','Temperos e condimentos','2025-12-31',18.00,'Creme de cebola em pó, para realçar o sabor dos pratos.',1,'Cebola Dourada'),(60,'Extrato de tomate','Temperos e condimentos','2025-12-31',25.00,'Extrato de tomate concentrado, sem adição de água.',2,'Tomate Fresco'),(61,'Gelatina','Doces e sobremesas','2025-12-31',23.00,'Gelatina em pó sabor frutas, colorida e saborosa.',3,'Gelatinas Saborosas'),(62,'Molho de tomate','Temperos e condimentos','2025-12-31',16.00,'Molho de tomate caseiro, feito com tomates frescos.',1,'Molho Bom'),(63,'Vinagre de maçã','Temperos e condimentos','2025-12-31',20.00,'Vinagre de maçã natural, fermentado de forma tradicional.',2,'Vinagre da Fazenda'),(64,'Biscoito de maisena','Biscoitos e salgadinhos','2025-12-31',19.00,'Biscoito de maisena crocante, irresistível para o lanche.',3,'Biscoitos da Vovó'),(65,'Achocolatado em pó','Café e chá','2025-12-31',17.00,'Achocolatado em pó solúvel, fonte de cálcio e energia.',1,'Chocolatado Gostoso'),(66,'Geleia de morango','Doces e sobremesas','2025-12-31',18.00,'Geleia de morango artesanal, feita com frutas frescas.',2,'Morangos da Fazenda'),(67,'Polpa de frutas','Frutas','2025-12-31',21.00,'Polpa de frutas congelada, prática e versátil para preparo de sucos e sobremesas.',3,'Polpas Naturais'),(68,'Farofa pronta','Farináceos','2025-12-31',16.00,'Farofa pronta temperada, ideal para acompanhar churrascos e feijoadas.',1,'Farofa Fácil'),(69,'Catchup','Temperos e condimentos','2025-12-31',20.00,'Catchup de tomate, com sabor suave e consistência cremosa.',2,'Tomate da Roça'),(70,'Mostarda','Temperos e condimentos','2025-12-31',23.00,'Mostarda amarela suave, perfeita para sanduíches e petiscos.',3,'Mostarda da Vovó'),(71,'Milho verde em conserva','Enlatados e conservas','2025-12-31',18.00,'Milho verde em conserva, pronto para consumo.',1,'Milho Dourado'),(72,'Ervilha em conserva','Enlatados e conservas','2025-12-31',22.00,'Ervilha em conserva, selecionada e embalada cuidadosamente.',2,'Ervilha Fresca'),(73,'Atum enlatado','Enlatados e conservas','2025-12-31',20.00,'Atum em conserva, fonte de proteína e ômega-3.',3,'Atum do Mar'),(74,'Sardinha em lata','Enlatados e conservas','2025-12-31',25.00,'Sardinha em lata, rica em nutrientes e saborosa.',1,'Sardinha Feliz'),(75,'Doce de leite','Doces e sobremesas','2025-12-31',17.00,'Doce de leite tradicional, cremoso e irresistível.',2,'Doces da Fazenda'),(76,'Leite condensado','Laticínios','2025-12-31',23.00,'Leite condensado cremoso, ideal para preparo de sobremesas.',3,'Leites Especiais'),(77,'Molho shoyu','Temperos e condimentos','2025-12-31',19.00,'Molho shoyu tradicional, para dar um toque oriental aos pratos.',1,'Shoyu da Terra'),(78,'Creme de avelã','Doces e sobremesas','2025-12-31',22.00,'Creme de avelã com chocolate, perfeito para passar no pão.',2,'Cremoso de Nutella'),(79,'Goiabada','Doces e sobremesas','2025-12-31',20.00,'Goiabada cascão, produzida com goiabas selecionadas.',3,'Goiabada Real'),(80,'Bolacha recheada','Biscoitos e salgadinhos','2025-12-31',17.00,'Bolacha recheada sabor chocolate, ideal para lanches rápidos.',1,'Bolachas Reunidas'),(81,'Cereal matinal','Cereais','2025-12-31',23.00,'Cereal matinal rico em fibras e vitaminas, para um café da manhã saudável.',2,'Cereal da Manhã'),(82,'Geléia real','Doces e sobremesas','2025-12-31',21.00,'Geléia real pura, rica em nutrientes e energia.',3,'Rainha das Abelhas'),(83,'Pão de forma','Bolos, pães e massas','2025-12-31',20.00,'Pão de forma integral, fonte de fibras e nutrientes.',1,'Pães da Hora'),(84,'Chocolate em pó','Café e chá','2025-12-31',24.00,'Chocolate em pó solúvel, para preparo de bebidas quentes e sobremesas.',2,'Chocolate da Fazenda'),(85,'Doce de figo','Doces e sobremesas','2025-12-31',19.00,'Doce de figo em calda, produzido de forma artesanal.',3,'Figo Dourado'),(86,'Polenta instantânea','Farináceos','2025-12-31',18.00,'Polenta instantânea pré-cozida, prática e versátil.',1,'Polenta Fácil'),(87,'Biscoito de polvilho','Biscoitos e salgadinhos','2025-12-31',22.00,'Biscoito de polvilho assado, leve e crocante.',2,'Biscoitos da Fazenda'),(88,'Chá verde','Café e chá','2025-12-31',20.00,'Chá verde natural, antioxidante e revigorante.',3,'Chá da Montanha'),(89,'Suco em pó','Bebidas','2025-12-31',23.00,'Suco em pó sabor laranja, fácil de preparar e refrescante.',1,'Sucos da Fazenda'),(90,'Azeitonas em conserva','Enlatados e conservas','2025-12-31',19.00,'Azeitonas verdes em conserva, perfeitas para petiscos e saladas.',2,'Azeitonas do Sítio'),(91,'Molho barbecue','Temperos e condimentos','2025-12-31',17.00,'Molho barbecue defumado, ideal para carnes e sanduíches.',3,'BBQ Master'),(92,'Pasta de amendoim','Doces e sobremesas','2025-12-31',22.00,'Pasta de amendoim natural, fonte de proteínas e energia.',1,'Amendoim da Fazenda'),(93,'Macarrão integral','Massas','2025-12-31',20.00,'Macarrão integral de trigo orgânico, fonte de fibras e nutrientes.',1,'Massas Naturais'),(94,'Feijão preto','Leguminosas','2025-12-31',15.00,'Feijão preto de qualidade superior, pronto para o cozimento.',2,'Feijão Premium'),(95,'Arroz integral','Grãos','2025-12-31',25.00,'Arroz integral orgânico, rico em fibras e nutrientes essenciais.',3,'Arroz Natural'),(96,'Farinha de mandioca','Farináceos','2025-12-31',30.00,'Farinha de mandioca torrada, para preparo de bijus e farofas.',1,'Mandioca Pura'),(97,'Óleo de milho','Óleos e gorduras','2025-12-31',18.00,'Óleo de milho puro, prensado a frio para manter suas propriedades.',2,'Óleos da Terra'),(98,'Adoçante em pó','Açúcares e adoçantes','2025-12-31',22.00,'Adoçante em pó dietético, adoça sem adicionar calorias.',3,'Adoçantes Zero'),(99,'Sal grosso','Temperos e condimentos','2025-12-31',17.00,'Sal grosso marinho, para moer na hora e realçar o sabor dos pratos.',1,'Sal do Mar'),(100,'Café solúvel','Café e chá','2025-12-31',21.00,'Café solúvel instantâneo, para preparo rápido e prático.',2,'Café Rápido'),(101,'Leite de coco em pó','Laticínios','2025-12-31',19.00,'Leite de coco em pó, natural e sem aditivos artificiais.',3,'Coco Dourado'),(102,'Fermento biológico seco','Farináceos','2025-12-31',16.00,'Fermento biológico seco, para massas de pães e pizzas.',1,'Fermento Vivo'),(103,'Fubá mimoso','Farináceos','2025-12-31',14.00,'Fubá mimoso de alta qualidade, para polentas e bolos.',2,'Fubá Fino'),(104,'Creme de leite light','Laticínios','2025-12-31',20.00,'Creme de leite light, com redução de gorduras e calorias.',3,'Cremoso Leve'),(105,'Creme de cebola em pó light','Temperos e condimentos','2025-12-31',18.00,'Creme de cebola em pó light, para pratos saudáveis.',1,'Cebola Leve'),(106,'Extrato de tomate orgânico','Temperos e condimentos','2025-12-31',25.00,'Extrato de tomate orgânico, cultivado sem agrotóxicos.',2,'Tomate Orgânico'),(107,'Gelatina diet','Doces e sobremesas','2025-12-31',23.00,'Gelatina diet sabor frutas, sem adição de açúcares.',3,'Gelatinas Leves'),(108,'Molho de tomate caseiro','Temperos e condimentos','2025-12-31',16.00,'Molho de tomate caseiro, feito com tomates frescos.',1,'Molho da Casa'),(109,'Vinagre de vinho tinto','Temperos e condimentos','2025-12-31',20.00,'Vinagre de vinho tinto, envelhecido em barris de carvalho.',2,'Vinagre Fino'),(110,'Biscoito integral','Biscoitos e salgadinhos','2025-12-31',19.00,'Biscoito integral de aveia, fonte de fibras e energia.',3,'Biscoitos Naturais'),(111,'Achocolatado diet','Café e chá','2025-12-31',17.00,'Achocolatado diet, sem adição de açúcares, para uma dieta equilibrada.',1,'Chocolatado Light'),(112,'Geleia diet','Doces e sobremesas','2025-12-31',18.00,'Geleia diet sabor frutas, sem adição de açúcares.',2,'Geleia Light'),(113,'Polpa de frutas orgânicas','Frutas','2025-12-31',21.00,'Polpa de frutas orgânicas, sem conservantes ou corantes.',3,'Polpas Orgânicas'),(114,'Farofa pronta light','Farináceos','2025-12-31',16.00,'Farofa pronta light, temperada e com redução de calorias.',1,'Farofa Leve'),(115,'Catchup diet','Temperos e condimentos','2025-12-31',20.00,'Catchup diet, sem adição de açúcares, para uma alimentação saudável.',2,'Tomate Light'),(116,'Mostarda light','Temperos e condimentos','2025-12-31',23.00,'Mostarda light, com redução de calorias e sabor marcante.',3,'Mostarda Suave'),(117,'Milho verde orgânico','Enlatados e conservas','2025-12-31',18.00,'Milho verde orgânico em conserva, sem agrotóxicos.',1,'Milho Natural'),(118,'Ervilha orgânica em conserva','Enlatados e conservas','2025-12-31',22.00,'Ervilha orgânica em conserva, cultivada de forma sustentável.',2,'Ervilha Bio'),(119,'Atum orgânico em lata','Enlatados e conservas','2025-12-31',20.00,'Atum orgânico em lata, pescado de maneira responsável.',3,'Atum Eco'),(120,'Sardinha orgânica em lata','Enlatados e conservas','2025-12-31',25.00,'Sardinha orgânica em lata, proveniente de pescas sustentáveis.',1,'Sardinha Bio'),(121,'Doce de leite diet','Doces e sobremesas','2025-12-31',17.00,'Doce de leite diet, sem adição de açúcares, para dietas restritivas.',2,'Doce Light'),(122,'Leite condensado light','Laticínios','2025-12-31',23.00,'Leite condensado light, com redução de gorduras e calorias.',3,'Leite Magro'),(123,'Molho shoyu light','Temperos e condimentos','2025-12-31',19.00,'Molho shoyu light, com redução de sódio e calorias.',1,'Shoyu Suave'),(124,'Creme de avelã light','Doces e sobremesas','2025-12-31',22.00,'Creme de avelã light, com redução de gorduras e calorias.',2,'Cremoso Light'),(125,'Goiabada diet','Doces e sobremesas','2025-12-31',20.00,'Goiabada diet, sem adição de açúcares, para dietas com restrição de carboidratos.',3,'Goiabada Zero'),(126,'Bolacha recheada diet','Biscoitos e salgadinhos','2025-12-31',17.00,'Bolacha recheada diet, sem adição de açúcares, para lanches equilibrados.',1,'Bolachas Light'),(127,'Cereal matinal diet','Cereais','2025-12-31',23.00,'Cereal matinal diet, sem adição de açúcares, para um café da manhã saudável.',2,'Cereal Light'),(128,'Geléia real light','Doces e sobremesas','2025-12-31',21.00,'Geléia real light, com redução de calorias e preservação dos nutrientes.',3,'Geléia Light'),(129,'Pão de forma integral','Bolos, pães e massas','2025-12-31',20.00,'Pão de forma integral, rico em fibras e nutrientes essenciais.',1,'Pães Integrais'),(130,'Chocolate em pó light','Café e chá','2025-12-31',24.00,'Chocolate em pó light, com redução de açúcares e menos calorias.',2,'Chocolate Diet'),(131,'Doce de figo diet','Doces e sobremesas','2025-12-31',19.00,'Doce de figo diet, sem adição de açúcares, para sobremesas mais leves.',3,'Figo Light'),(132,'Polenta instantânea light','Farináceos','2025-12-31',18.00,'Polenta instantânea light, com redução de calorias e menos gorduras.',1,'Polenta Fit'),(133,'Biscoito de polvilho light','Biscoitos e salgadinhos','2025-12-31',22.00,'Biscoito de polvilho light, assado e menos calórico.',2,'Biscoitos Leves'),(134,'Chá verde diet','Café e chá','2025-12-31',20.00,'Chá verde diet, sem adição de açúcares, para uma bebida mais saudável.',3,'Chá Verde Light'),(135,'Suco em pó light','Bebidas','2025-12-31',23.00,'Suco em pó light sabor laranja, com redução de açúcares e menos calorias.',1,'Suco Light'),(136,'Azeitonas em conserva light','Enlatados e conservas','2025-12-31',17.00,'Azeitonas em conserva light, menos gorduras e menos calorias.',2,'Azeitonas Leves'),(137,'Champignon em conserva light','Enlatados e conservas','2025-12-31',21.00,'Champignon em conserva light, menos calorias e menos sódio.',3,'Champignons Leves'),(138,'Geleia de morango diet','Doces e sobremesas','2025-12-31',19.00,'Geleia de morango diet, sem adição de açúcares, para sobremesas mais leves.',1,'Morango Zero'),(139,'Maionese light','Óleos e gorduras','2025-12-31',20.00,'Maionese light, com menos gorduras e menos calorias.',2,'Maionese Suave'),(140,'Pão de mel light','Doces e sobremesas','2025-12-31',22.00,'Pão de mel light, com menos açúcares e menos calorias.',3,'Pão Light'),(141,'Leite de soja em pó light','Bebidas','2025-12-31',18.00,'Leite de soja em pó light, sem lactose e menos gorduras.',1,'Soja Light'),(142,'Margarina light','Óleos e gorduras','2025-12-31',23.00,'Margarina light, com menos gorduras saturadas e menos calorias.',2,'Margarina Suave'),(143,'Mel diet','Açúcares e adoçantes','2025-12-31',19.00,'Mel diet, sem adição de açúcares, para adoçar de forma saudável.',3,'Mel Zero'),(144,'Sagu light','Cereais','2025-12-31',21.00,'Sagu light, preparado com menos açúcares e menos calorias.',1,'Sagu Suave'),(145,'Suco de uva integral','Bebidas','2025-12-31',24.00,'Suco de uva integral, sem adição de açúcares, rico em antioxidantes.',2,'Uva Pura'),(146,'Vinho tinto seco','Bebidas','2025-12-31',18.00,'Vinho tinto seco, de qualidade premium e sabor marcante.',3,'Vinho Nobre'),(147,'Catchup light','Temperos e condimentos','2025-12-31',20.00,'Catchup light, sem adição de açúcares e menos calorias.',1,'Catchup Fit'),(148,'Mostarda diet','Temperos e condimentos','2025-12-31',23.00,'Mostarda diet, sem adição de açúcares, para uma alimentação mais leve.',2,'Mostarda Zero'),(149,'Patê de atum light','Enlatados e conservas','2025-12-31',22.00,'Patê de atum light, com menos gorduras e menos calorias.',3,'Atum Leve'),(150,'Requeijão light','Laticínios','2025-12-31',19.00,'Requeijão light, com menos gorduras e menos calorias.',1,'Requeijão Suave'),(151,'Goiabada diet','Doces e sobremesas','2025-12-31',23.00,'Goiabada diet, sem adição de açúcares, para sobremesas mais leves.',2,'Goiabada Zero'),(152,'Leite em pó desnatado','Laticínios','2025-12-31',20.00,'Leite em pó desnatado, sem lactose e menos gorduras.',3,'Leite Desnatado'),(153,'Creme de avelã diet','Doces e sobremesas','2025-12-31',18.00,'Creme de avelã diet, sem adição de açúcares, para dietas restritivas.',1,'Avelã Zero'),(154,'Sal light','Temperos e condimentos','2025-12-31',22.00,'Sal light, com menos sódio e menos calorias.',2,'Sal Suave'),(155,'Chá mate diet','Café e chá','2025-12-31',23.00,'Chá mate diet, sem adição de açúcares, para uma bebida mais saudável.',3,'Chá Mate Zero'),(156,'Fubá de milho','Farináceos','2025-12-31',17.00,'Fubá de milho, para preparo de polentas e bolos.',1,'Fubá Fresco');
/*!40000 ALTER TABLE `alimentos` ENABLE KEYS */;
UNLOCK TABLES;

--
-- Table structure for table `assistencia_tecnica`
--

DROP TABLE IF EXISTS `assistencia_tecnica`;
/*!40101 SET @saved_cs_client     = @@character_set_client */;
/*!50503 SET character_set_client = utf8mb4 */;
CREATE TABLE `assistencia_tecnica` (
  `ID_Assistencia` mediumint NOT NULL AUTO_INCREMENT,
  `Nome_Tecnico` varchar(100) DEFAULT NULL,
  `Especialidade` varchar(100) DEFAULT NULL,
  `Disponibilidade` timestamp NULL DEFAULT NULL,
  `Contato` varchar(50) DEFAULT NULL,
  `Descricao` text,
  `Avaliacao` tinyint DEFAULT NULL,
  PRIMARY KEY (`ID_Assistencia`)
) ENGINE=InnoDB AUTO_INCREMENT=31 DEFAULT CHARSET=utf8mb4 COLLATE=utf8mb4_0900_ai_ci COMMENT='Tabela que armazena informações sobre assistência técnica disponível.';
/*!40101 SET character_set_client = @saved_cs_client */;

--
-- Dumping data for table `assistencia_tecnica`
--

LOCK TABLES `assistencia_tecnica` WRITE;
/*!40000 ALTER TABLE `assistencia_tecnica` DISABLE KEYS */;
INSERT INTO `assistencia_tecnica` VALUES (1,'Pedro Santos','Refrigeradores','2024-06-04 11:00:00','(11) 98765-4321','Especializado em reparo de refrigeradores de todas as marcas.',5),(2,'Ana Oliveira','Máquinas de Lavar','2024-06-05 13:00:00','(11) 98765-4322','Técnica certificada para conserto de máquinas de lavar roupas.',4),(3,'Roberto Silva','Ar-condicionado','2024-06-06 12:00:00','(11) 98765-4323','Profissional capacitado para manutenção de sistemas de ar-condicionado.',4),(4,'Mariana Costa','Telefones Fixos','2024-06-07 14:00:00','(11) 98765-4324','Especialista em reparos de telefones fixos e sistemas de comunicação.',5),(5,'Ricardo Almeida','Televisores','2024-06-08 11:00:00','(11) 98765-4325','Técnico experiente em conserto de televisores de todas as marcas.',4),(6,'Carla Santos','Notebooks','2024-06-09 12:00:00','(11) 98765-4326','Especializada em reparo de notebooks e computadores portáteis.',5),(7,'Paulo Oliveira','Tablets','2024-06-10 13:00:00','(11) 98765-4327','Técnico capacitado para manutenção e reparo de tablets e dispositivos móveis.',4),(8,'Sandra Silva','Câmeras Digitais','2024-06-11 14:00:00','(11) 98765-4328','Profissional especializada em conserto de câmeras digitais e equipamentos fotográficos.',4),(9,'Bruno Costa','Impressoras','2024-06-12 11:00:00','(11) 98765-4329','Especialista em reparos de impressoras de todos os modelos e marcas.',5),(10,'Fernanda Oliveira','Videogames','2024-06-13 12:00:00','(11) 98765-4330','Técnica certificada para conserto de consoles de videogame e acessórios.',4),(11,'Rodrigo Santos','Equipamentos de Áudio','2024-06-14 13:00:00','(11) 98765-4331','Profissional capacitado para manutenção de equipamentos de áudio e som.',5),(12,'Tatiane Silva','Smartwatches','2024-06-15 14:00:00','(11) 98765-4332','Especialista em reparos de smartwatches e dispositivos vestíveis.',4),(13,'Lucas Costa','Fones de Ouvido','2024-06-16 11:00:00','(11) 98765-4333','Técnico experiente em conserto de fones de ouvido e acessórios de áudio.',4),(14,'Marta Oliveira','GPS','2024-06-17 12:00:00','(11) 98765-4334','Profissional especializada em reparos de sistemas de GPS e navegação.',5),(15,'Diego Silva','Monitores','2024-06-18 13:00:00','(11) 98765-4335','Especialista em manutenção e reparo de monitores de computador.',4),(16,'Juliana Costa','Câmeras de Segurança','2024-06-19 14:00:00','(11) 98765-4336','Técnica certificada para conserto de câmeras de segurança e sistemas de monitoramento.',4),(17,'Gustavo Oliveira','Projetores','2024-06-20 11:00:00','(11) 98765-4337','Profissional capacitado para manutenção de projetores e sistemas de projeção.',5),(18,'Camila Silva','Roteadores','2024-06-21 12:00:00','(11) 98765-4338','Especialista em reparos de roteadores e dispositivos de rede.',4),(19,'Marcelo Costa','Modems','2024-06-22 13:00:00','(11) 98765-4339','Técnico experiente em conserto de modems e equipamentos de internet.',5),(20,'Patrícia Oliveira','Câmeras Fotográficas','2024-06-23 14:00:00','(11) 98765-4340','Profissional especializada em reparos de câmeras fotográficas e equipamentos profissionais.',4),(21,'Fábio Silva','Drone','2024-06-24 11:00:00','(11) 98765-4341','Especialista em manutenção e reparo de drones e equipamentos de voo.',5),(22,'Cristiane Costa','Smart TVs','2024-06-25 12:00:00','(11) 98765-4342','Técnica certificada para conserto de smart TVs e televisores inteligentes.',4),(23,'Marcela Oliveira','Eletroportáteis','2024-06-26 13:00:00','(11) 98765-4343','Profissional capacitada para manutenção de eletroportáteis diversos.',5),(24,'Rafael Silva','Robôs de Limpeza','2024-06-27 14:00:00','(11) 98765-4344','Especialista em reparos de robôs de limpeza e aspiradores automáticos.',4),(25,'Tatiana Costa','Relógios Inteligentes','2024-06-28 11:00:00','(11) 98765-4345','Técnica experiente em conserto de relógios inteligentes e dispositivos vestíveis.',5),(26,'Rafaela Oliveira','Dispositivos IoT','2024-06-29 12:00:00','(11) 98765-4346','Profissional especializada em manutenção de dispositivos IoT e automação residencial.',4),(27,'Vinícius Silva','Aparelhos Médicos','2024-06-30 13:00:00','(11) 98765-4347','Especialista em reparos de aparelhos médicos e equipamentos hospitalares.',5),(28,'Aline Costa','Equipamentos de Laboratório','2024-07-01 14:00:00','(11) 98765-4348','Técnica certificada para conserto de equipamentos de laboratório e análises.',4),(29,'Robson Oliveira','Instrumentos Musicais','2024-07-02 11:00:00','(11) 98765-4349','Profissional capacitado para manutenção de instrumentos musicais e equipamentos de áudio.',5),(30,'Jéssica Silva','Brinquedos Eletrônicos','2024-07-03 12:00:00','(11) 98765-4350','Especialista em reparos de brinquedos eletrônicos e dispositivos infantis.',4);
/*!40000 ALTER TABLE `assistencia_tecnica` ENABLE KEYS */;
UNLOCK TABLES;

--
-- Table structure for table `doacao`
--

DROP TABLE IF EXISTS `doacao`;
/*!40101 SET @saved_cs_client     = @@character_set_client */;
/*!50503 SET character_set_client = utf8mb4 */;
CREATE TABLE `doacao` (
  `ID_Doacao` mediumint NOT NULL AUTO_INCREMENT,
  `UsuarioID` mediumint DEFAULT NULL,
  `InstituicaoID` mediumint DEFAULT NULL,
  `AguaID` mediumint DEFAULT NULL,
  `AlimentoID` mediumint DEFAULT NULL,
  `ItemID` int DEFAULT NULL,
  `MaterialID` int DEFAULT NULL,
  `AparelhoID` int DEFAULT NULL,
  `RoupasID` int DEFAULT NULL,
  `FarmaceuticoID` int DEFAULT NULL,
  `ConstrucaoID` int DEFAULT NULL,
  `Descricao` text,
  PRIMARY KEY (`ID_Doacao`),
  KEY `UsuarioID` (`UsuarioID`),
  KEY `InstituicaoID` (`InstituicaoID`),
  KEY `AguaID` (`AguaID`),
  KEY `AlimentoID` (`AlimentoID`),
  KEY `RoupasID` (`RoupasID`),
  KEY `ItemID` (`ItemID`),
  KEY `MaterialID` (`MaterialID`),
  KEY `AparelhoID` (`AparelhoID`),
  KEY `FarmaceuticoID` (`FarmaceuticoID`),
  KEY `ConstrucaoID` (`ConstrucaoID`),
  CONSTRAINT `doacao_ibfk_1` FOREIGN KEY (`UsuarioID`) REFERENCES `usuarios` (`ID_Usuarios`),
  CONSTRAINT `doacao_ibfk_10` FOREIGN KEY (`ConstrucaoID`) REFERENCES `materiais_de_construcao` (`ID_Construcao`),
  CONSTRAINT `doacao_ibfk_2` FOREIGN KEY (`InstituicaoID`) REFERENCES `instituicao` (`ID_Instituicao`),
  CONSTRAINT `doacao_ibfk_3` FOREIGN KEY (`AguaID`) REFERENCES `agua_potavel` (`ID_Agua`),
  CONSTRAINT `doacao_ibfk_4` FOREIGN KEY (`AlimentoID`) REFERENCES `alimentos` (`ID_Alimentos`),
  CONSTRAINT `doacao_ibfk_5` FOREIGN KEY (`RoupasID`) REFERENCES `roupas` (`ID_roupas`),
  CONSTRAINT `doacao_ibfk_6` FOREIGN KEY (`ItemID`) REFERENCES `moveis_e_eletrodomesticos` (`ID_item`),
  CONSTRAINT `doacao_ibfk_7` FOREIGN KEY (`MaterialID`) REFERENCES `materiais_de_limpeza` (`ID`),
  CONSTRAINT `doacao_ibfk_8` FOREIGN KEY (`AparelhoID`) REFERENCES `equipamentos_de_comunicacao` (`ID_aparelho`),
  CONSTRAINT `doacao_ibfk_9` FOREIGN KEY (`FarmaceuticoID`) REFERENCES `farmaceuticos` (`ID_Farmaceutico`)
) ENGINE=InnoDB AUTO_INCREMENT=142 DEFAULT CHARSET=utf8mb4 COLLATE=utf8mb4_0900_ai_ci COMMENT='Tabela que armazena informações sobre doações recebidas.';
/*!40101 SET character_set_client = @saved_cs_client */;

--
-- Dumping data for table `doacao`
--

LOCK TABLES `doacao` WRITE;
/*!40000 ALTER TABLE `doacao` DISABLE KEYS */;
INSERT INTO `doacao` VALUES (79,44,1,34,70,19,13,17,6,21,12,'Esta doação inclui: Água potável (ID 42) - Água potável tratada com ozônio, alimentos variados (ID 16) - Sardinha em lata, rica em nutrientes e saborosa., um item genérico com ID 12, materiais de limpeza (ID 12) - Limpa-carpetes, equipamentos de comunicação (ID 24) - Smartphone com bateria de longa duração e câmera de 8 MP., roupas (ID 39) - Bermuda Cargo, produtos farmacêuticos (ID 9) - Composição: Losartana Potássica 50mg, e materiais de construção (ID 11) - Saco de rejunte para cerâmica, cor bege, para acabamento de pisos e azulejos.. Agradecemos pela sua contribuição e esperamos que esses itens sejam de grande ajuda!'),(80,20,1,30,89,1,15,35,27,24,2,'Esta doação inclui: Água potável (ID 9) - Água mineral natural em embalagem prática, alimentos variados (ID 18) - Feijão carioca selecionado, embalado hermeticamente para manter sua qualidade., um item genérico com ID 17, materiais de limpeza (ID 20) - Alvejante sem Cloro, equipamentos de comunicação (ID 39) - Smartphone com carregamento SuperDart de 65W e tela Super AMOLED., roupas (ID 10) - Calça Social, produtos farmacêuticos (ID 24) - Composição: Dipirona Sódica 500mg, e materiais de construção (ID 2) - Lata de tinta verniz transparente, para proteção e acabamento de madeiras.. Agradecemos pela sua contribuição e esperamos que esses itens sejam de grande ajuda!'),(81,21,1,21,81,6,23,36,54,27,13,'Esta doação inclui: Água potável (ID 47) - Água mineral natural enriquecida com minerais, alimentos variados (ID 70) - Goiabada diet, sem adição de açúcares, para dietas com restrição de carboidratos., um item genérico com ID 14, materiais de limpeza (ID 20) - Alvejante sem Cloro, equipamentos de comunicação (ID 20) - Rádio portátil com resistência à água e poeira e 128 canais., roupas (ID 31) - Vestido Floral, produtos farmacêuticos (ID 27) - Composição: Cloridrato de sibutramina 15mg, e materiais de construção (ID 10) - Lata de tinta látex acrílica, cor branca, para pintura interna e externa.. Agradecemos pela sua contribuição e esperamos que esses itens sejam de grande ajuda!'),(82,57,1,16,136,20,15,33,78,15,12,'Esta doação inclui: Água potável (ID 20) - Água purificada em garrafa de vidro retornável, alimentos variados (ID 35) - Goiabada cascão, produzida com goiabas selecionadas., um item genérico com ID 12, materiais de limpeza (ID 31) - Detergente Líquido, equipamentos de comunicação (ID 20) - Telefone IP com suporte para até 2 linhas e viva-voz full-duplex., roupas (ID 48) - Blusa de Moletom, produtos farmacêuticos (ID 23) - Composição: Lactobacillus acidophilus 1 bilhão UFC, e materiais de construção (ID 10) - Telha de cerâmica esmaltada, cor vermelha, utilizada para cobertura de telhados.. Agradecemos pela sua contribuição e esperamos que esses itens sejam de grande ajuda!'),(83,7,1,8,24,19,29,10,34,25,2,'Esta doação inclui: Água potável (ID 2) - Água mineral natural proveniente de fonte pura, alimentos variados (ID 135) - Mostarda diet, sem adição de açúcares, para uma alimentação mais leve., um item genérico com ID 9, materiais de limpeza (ID 2) - Desodorizador de Ambiente, equipamentos de comunicação (ID 26) - Smartphone com sistema Android e câmera de alta resolução., roupas (ID 39) - Blazer de Linho, produtos farmacêuticos (ID 21) - Composição: Lactobacillus acidophilus 1 bilhão UFC, e materiais de construção (ID 8) - Lata de tinta esmalte sintético, cor verde, para pintura de estruturas metálicas.. Agradecemos pela sua contribuição e esperamos que esses itens sejam de grande ajuda!'),(84,16,1,37,102,12,23,8,30,3,11,'Esta doação inclui: Água potável (ID 25) - Água potável tratada com ozônio, alimentos variados (ID 8) - Achocolatado em pó solúvel, fonte de cálcio e energia., um item genérico com ID 1, materiais de limpeza (ID 27) - Limpador de Box, equipamentos de comunicação (ID 33) - Rádio comunicador com alcance de até 32 milhas e resistência à água e poeira., roupas (ID 2) - Regata Básica, produtos farmacêuticos (ID 14) - Composição: Clonazepam 2mg, e materiais de construção (ID 13) - Saco de cimento Portland com alta resistência inicial, ideal para obras estruturais.. Agradecemos pela sua contribuição e esperamos que esses itens sejam de grande ajuda!'),(85,57,1,12,51,12,12,40,50,7,14,'Esta doação inclui: Água potável (ID 36) - Água filtrada em embalagem prática, alimentos variados (ID 77) - Pão de forma integral, fonte de fibras e nutrientes., um item genérico com ID 18, materiais de limpeza (ID 17) - Limpa-telas, equipamentos de comunicação (ID 16) - Smartphone com processador MediaTek Helio P22 e câmera principal de 13 MP., roupas (ID 24) - Camisa Polo, produtos farmacêuticos (ID 17) - Composição: Dexametasona 4mg, e materiais de construção (ID 1) - Lata de tinta esmalte sintético, cor verde, para pintura de estruturas metálicas.. Agradecemos pela sua contribuição e esperamos que esses itens sejam de grande ajuda!'),(86,9,1,22,53,2,4,15,78,16,15,'Esta doação inclui: Água potável (ID 39) - Água mineral natural enriquecida com minerais, alimentos variados (ID 7) - Polpa de frutas congelada, prática e versátil para preparo de sucos e sobremesas., um item genérico com ID 3, materiais de limpeza (ID 27) - Água Sanitária Perfumada, equipamentos de comunicação (ID 35) - Telefone sem fio com display iluminado e identificador de chamadas., roupas (ID 62) - Camisa Polo, produtos farmacêuticos (ID 16) - Composição: Cloreto de Magnésio 33,3%, e materiais de construção (ID 15) - Prancha de madeira de pinus tratada, utilizada em estruturas e acabamentos.. Agradecemos pela sua contribuição e esperamos que esses itens sejam de grande ajuda!'),(87,38,1,11,5,19,25,39,36,29,11,'Esta doação inclui: Água potável (ID 43) - Água mineral natural proveniente de fonte pura, alimentos variados (ID 7) - Fermento em pó químico, utilizado para dar crescimento a massas., um item genérico com ID 3, materiais de limpeza (ID 24) - Sabonete Líquido, equipamentos de comunicação (ID 21) - Rádio comunicador com alcance de até 16 milhas e 22 canais., roupas (ID 47) - Blazer Clássico, produtos farmacêuticos (ID 7) - Composição: Ácido ascórbico 500mg, e materiais de construção (ID 12) - Tubo de PVC soldável, diâmetro padrão para sistemas hidráulicos.. Agradecemos pela sua contribuição e esperamos que esses itens sejam de grande ajuda!'),(88,14,1,38,110,5,15,18,71,24,2,'Esta doação inclui: Água potável (ID 16) - Água mineral natural em garrafa de vidro retornável, alimentos variados (ID 152) - Chá mate diet, sem adição de açúcares, para uma bebida mais saudável., um item genérico com ID 11, materiais de limpeza (ID 27) - Detergente, equipamentos de comunicação (ID 16) - Telefone sem fio com display iluminado e identificador de chamadas., roupas (ID 29) - Shorts Jeans, produtos farmacêuticos (ID 7) - Composição: Metformina 850mg, e materiais de construção (ID 5) - Telha de cerâmica esmaltada, cor vermelha, utilizada para cobertura de telhados.. Agradecemos pela sua contribuição e esperamos que esses itens sejam de grande ajuda!'),(89,51,1,31,83,2,27,14,77,21,3,'Esta doação inclui: Água potável (ID 14) - Água filtrada em embalagem prática, alimentos variados (ID 111) - Mostarda amarela suave, perfeita para sanduíches e petiscos., um item genérico com ID 11, materiais de limpeza (ID 21) - Cera para Pisos, equipamentos de comunicação (ID 11) - Telefone IP de 1 linha com áudio em HD e suporte a PoE., roupas (ID 61) - Camiseta Manga Longa, produtos farmacêuticos (ID 19) - Composição: Losartana Potássica 50mg, e materiais de construção (ID 1) - Lata de tinta verniz transparente, para proteção e acabamento de madeiras.. Agradecemos pela sua contribuição e esperamos que esses itens sejam de grande ajuda!'),(90,54,1,4,146,12,3,22,71,19,17,'Esta doação inclui: Água potável (ID 40) - Água purificada em garrafa de vidro reciclável, alimentos variados (ID 140) - Chá verde natural, antioxidante e revigorante., um item genérico com ID 7, materiais de limpeza (ID 4) - Limpa-carpetes, equipamentos de comunicação (ID 3) - Rádio comunicador com alcance de até 35 milhas e resistente à água., roupas (ID 51) - Sobretudo, produtos farmacêuticos (ID 6) - Composição: Metformina 850mg, e materiais de construção (ID 9) - Saco de rejunte para cerâmica, cor bege, para acabamento de pisos e azulejos.. Agradecemos pela sua contribuição e esperamos que esses itens sejam de grande ajuda!'),(91,55,1,35,56,1,13,13,43,15,19,'Esta doação inclui: Água potável (ID 40) - Água purificada em embalagem econômica, alimentos variados (ID 95) - Pão de forma integral, rico em fibras e nutrientes essenciais., um item genérico com ID 3, materiais de limpeza (ID 20) - Água Sanitária Perfumada, equipamentos de comunicação (ID 21) - Smartphone com carregamento SuperDart de 65W e tela Super AMOLED., roupas (ID 87) - Camiseta Estampada, produtos farmacêuticos (ID 9) - Composição: Fluoxetina 20mg, e materiais de construção (ID 14) - Lata de tinta látex acrílica, cor branca, para pintura interna e externa.. Agradecemos pela sua contribuição e esperamos que esses itens sejam de grande ajuda!'),(92,15,1,31,77,2,3,2,9,4,10,'Esta doação inclui: Água potável (ID 28) - Água mineral natural proveniente de fonte pura, alimentos variados (ID 39) - Farinha de trigo especial, ideal para pães e bolos., um item genérico com ID 11, materiais de limpeza (ID 6) - Água Sanitária Perfumada, equipamentos de comunicação (ID 13) - Smartphone com processador MediaTek Helio P22 e câmera principal de 13 MP., roupas (ID 63) - Shorts de Praia, produtos farmacêuticos (ID 16) - Composição: Vitaminas A, C, D, E, complexo B, e materiais de construção (ID 17) - Saco de argamassa pronta para assentamento de tijolos e blocos.. Agradecemos pela sua contribuição e esperamos que esses itens sejam de grande ajuda!'),(93,36,1,24,71,15,15,2,44,6,8,'Esta doação inclui: Água potável (ID 16) - Água purificada em garrafa de vidro retornável, alimentos variados (ID 77) - Doce de figo diet, sem adição de açúcares, para sobremesas mais leves., um item genérico com ID 10, materiais de limpeza (ID 4) - Pano de Limpeza, equipamentos de comunicação (ID 7) - Telefone IP de 1 linha com áudio em HD e suporte a PoE., roupas (ID 22) - Camiseta Estampada, produtos farmacêuticos (ID 27) - Composição: Dexametasona 4mg, e materiais de construção (ID 8) - Vigota de madeira tratada, dimensões padrão para estruturas de telhado.. Agradecemos pela sua contribuição e esperamos que esses itens sejam de grande ajuda!'),(94,21,1,45,3,2,21,7,51,12,7,'Esta doação inclui: Água potável (ID 41) - Água filtrada em embalagem prática, alimentos variados (ID 90) - Tempero em pó à base de cebola, para dar sabor especial a pratos., um item genérico com ID 19, materiais de limpeza (ID 2) - Amaciante de Roupas, equipamentos de comunicação (ID 9) - Rádio móvel dual band VHF/UHF com display LCD e 200 canais., roupas (ID 48) - Jaqueta de Couro, produtos farmacêuticos (ID 24) - Composição: Clonazepam 2mg, e materiais de construção (ID 16) - Vigota de madeira tratada, dimensões padrão para estruturas de telhado.. Agradecemos pela sua contribuição e esperamos que esses itens sejam de grande ajuda!'),(95,9,1,24,134,6,7,8,23,8,11,'Esta doação inclui: Água potável (ID 26) - Água mineral natural proveniente de fonte pura, alimentos variados (ID 73) - Mel diet, sem adição de açúcares, para adoçar de forma saudável., um item genérico com ID 1, materiais de limpeza (ID 8) - Desinfetante de Superfície, equipamentos de comunicação (ID 4) - Telefone fixo com agenda para até 100 contatos e identificação de chamadas., roupas (ID 33) - Camisa Social, produtos farmacêuticos (ID 1) - Composição: Calcitriol 0,25mcg, e materiais de construção (ID 19) - Balde de massa corrida para nivelamento e correção de imperfeições em paredes.. Agradecemos pela sua contribuição e esperamos que esses itens sejam de grande ajuda!'),(96,12,1,26,8,17,5,36,57,20,20,'Esta doação inclui: Água potável (ID 39) - Água purificada em embalagem econômica, alimentos variados (ID 74) - Doce de figo em calda, produzido de forma artesanal., um item genérico com ID 9, materiais de limpeza (ID 14) - Pano de Limpeza, equipamentos de comunicação (ID 25) - Smartphone com processador MediaTek Helio G88 e câmera quádrupla de 50 MP., roupas (ID 2) - Blazer Clássico, produtos farmacêuticos (ID 15) - Composição: Calcitriol 0,25mcg, e materiais de construção (ID 12) - Bloco de concreto estrutural, utilizado na construção de paredes e muros.. Agradecemos pela sua contribuição e esperamos que esses itens sejam de grande ajuda!'),(97,25,1,16,72,7,4,11,7,18,16,'Esta doação inclui: Água potável (ID 11) - Água mineral natural com alto teor de cálcio, alimentos variados (ID 44) - Creme de cebola em pó light, para pratos saudáveis., um item genérico com ID 12, materiais de limpeza (ID 32) - Detergente Líquido, equipamentos de comunicação (ID 2) - Smartphone com processador MediaTek Helio P22 e câmera principal de 13 MP., roupas (ID 67) - Vestido Longo, produtos farmacêuticos (ID 22) - Composição: Óleo de borragem 500mg, e materiais de construção (ID 12) - Tubo de silicone vedante, cor branca, para vedação e acabamento em diversos materiais.. Agradecemos pela sua contribuição e esperamos que esses itens sejam de grande ajuda!'),(98,54,1,37,71,12,4,19,52,3,6,'Esta doação inclui: Água potável (ID 21) - Água mineral natural em embalagem prática, alimentos variados (ID 61) - Ervilha orgânica em conserva, cultivada de forma sustentável., um item genérico com ID 1, materiais de limpeza (ID 19) - Desengordurante, equipamentos de comunicação (ID 31) - Rádio comunicador com alcance de até 35 milhas e resistente à água., roupas (ID 67) - Camiseta Manga Longa, produtos farmacêuticos (ID 29) - Composição: Dexametasona 4mg, e materiais de construção (ID 16) - Barra de ferro de construção, utilizado em estruturas de concreto armado.. Agradecemos pela sua contribuição e esperamos que esses itens sejam de grande ajuda!'),(99,30,1,28,145,1,25,8,70,10,17,'Esta doação inclui: Água potável (ID 13) - Água mineral natural enriquecida com minerais, alimentos variados (ID 127) - Mostarda light, com redução de calorias e sabor marcante., um item genérico com ID 11, materiais de limpeza (ID 16) - Amaciante de Carpetes, equipamentos de comunicação (ID 28) - Telefone sem fio com display luminoso e viva-voz integrado., roupas (ID 86) - Camisa Polo, produtos farmacêuticos (ID 19) - Composição: Arnica Montana 30CH, e materiais de construção (ID 18) - Pacote de pregos comuns, tamanho 17x21, para fixação de estruturas de madeira.. Agradecemos pela sua contribuição e esperamos que esses itens sejam de grande ajuda!'),(100,33,1,45,85,18,29,40,15,3,8,'Esta doação inclui: Água potável (ID 45) - Água mineral natural enriquecida com minerais, alimentos variados (ID 112) - Mostarda amarela suave, perfeita para sanduíches e petiscos., um item genérico com ID 13, materiais de limpeza (ID 29) - Desinfetante Multiuso, equipamentos de comunicação (ID 26) - Smartphone com tela AMOLED e carregamento rápido., roupas (ID 78) - Blazer Clássico, produtos farmacêuticos (ID 5) - Composição: Calcitriol 0,25mcg, e materiais de construção (ID 7) - Metro cúbico de areia lavada, utilizada como componente de argamassas e concretos.. Agradecemos pela sua contribuição e esperamos que esses itens sejam de grande ajuda!'),(101,6,1,30,148,20,13,13,31,19,14,'Esta doação inclui: Água potável (ID 15) - Água mineral natural em embalagem prática, alimentos variados (ID 139) - Bolacha recheada sabor chocolate, ideal para lanches rápidos., um item genérico com ID 17, materiais de limpeza (ID 2) - Lustra-móveis, equipamentos de comunicação (ID 24) - Smartphone com câmera de 48 MP e bateria de longa duração., roupas (ID 70) - Vestido de Verão, produtos farmacêuticos (ID 6) - Composição: Dipirona Sódica 500mg, e materiais de construção (ID 11) - Tijolos cerâmicos vermelhos, tamanho padrão para construção de paredes.. Agradecemos pela sua contribuição e esperamos que esses itens sejam de grande ajuda!'),(102,6,1,23,49,20,6,39,48,27,11,'Esta doação inclui: Água potável (ID 45) - Água mineral natural em embalagem prática, alimentos variados (ID 19) - Polenta instantânea pré-cozida, prática e versátil., um item genérico com ID 8, materiais de limpeza (ID 25) - Sabão em Pó, equipamentos de comunicação (ID 39) - Telefone fixo com agenda para até 100 contatos e identificação de chamadas., roupas (ID 4) - Casaco de Inverno, produtos farmacêuticos (ID 15) - Composição: Creatina monoidratada, e materiais de construção (ID 5) - Saco de argamassa pronta para assentamento de tijolos e blocos.. Agradecemos pela sua contribuição e esperamos que esses itens sejam de grande ajuda!'),(103,47,1,28,122,7,3,11,31,15,16,'Esta doação inclui: Água potável (ID 47) - Água purificada em embalagem econômica, alimentos variados (ID 84) - Sardinha em lata, rica em nutrientes e saborosa., um item genérico com ID 18, materiais de limpeza (ID 2) - Sabão Líquido, equipamentos de comunicação (ID 40) - Smartphone com carregamento SuperDart de 65W e tela Super AMOLED., roupas (ID 11) - Casaco de Lã, produtos farmacêuticos (ID 17) - Composição: Cloreto de Magnésio 33,3%, e materiais de construção (ID 7) - Lata de tinta verniz transparente, para proteção e acabamento de madeiras.. Agradecemos pela sua contribuição e esperamos que esses itens sejam de grande ajuda!'),(104,14,1,14,49,1,26,36,6,18,17,'Esta doação inclui: Água potável (ID 46) - Água mineral natural em embalagem prática, alimentos variados (ID 43) - Fermento biológico seco, para massas de pães e pizzas., um item genérico com ID 17, materiais de limpeza (ID 13) - Limpa-pisos, equipamentos de comunicação (ID 35) - Smartphone com carregamento SuperDart de 65W e tela Super AMOLED., roupas (ID 7) - Camisa Social, produtos farmacêuticos (ID 8) - Composição: Ferro quelato 40mg, e materiais de construção (ID 15) - Bloco de concreto estrutural, utilizado na construção de paredes e muros.. Agradecemos pela sua contribuição e esperamos que esses itens sejam de grande ajuda!'),(105,37,1,33,78,8,24,33,66,1,4,'Esta doação inclui: Água potável (ID 43) - Água potável tratada com tecnologia avançada, alimentos variados (ID 139) - Creme de leite light, com redução de gorduras e calorias., um item genérico com ID 5, materiais de limpeza (ID 11) - Esponja de Limpeza, equipamentos de comunicação (ID 12) - Smartphone com tela AMOLED e carregamento rápido., roupas (ID 8) - Vestido de Verão, produtos farmacêuticos (ID 5) - Composição: Salbutamol 100mcg/dose, e materiais de construção (ID 10) - Tijolos cerâmicos vermelhos, tamanho padrão para construção de paredes.. Agradecemos pela sua contribuição e esperamos que esses itens sejam de grande ajuda!'),(106,7,1,36,152,13,13,17,55,6,11,'Esta doação inclui: Água potável (ID 35) - Água potável tratada com ozônio, alimentos variados (ID 37) - Sardinha em lata, rica em nutrientes e saborosa., um item genérico com ID 13, materiais de limpeza (ID 21) - Sabão em Pó, equipamentos de comunicação (ID 1) - Telefone fixo com entrada para chip SIM e identificador de chamadas., roupas (ID 4) - Camiseta Básica, produtos farmacêuticos (ID 28) - Composição: Ranitidina 150mg, e materiais de construção (ID 3) - Saco de rejunte para cerâmica, cor bege, para acabamento de pisos e azulejos.. Agradecemos pela sua contribuição e esperamos que esses itens sejam de grande ajuda!'),(107,4,1,25,37,9,11,1,19,9,12,'Esta doação inclui: Água potável (ID 29) - Água mineral natural engarrafada, alimentos variados (ID 93) - Polenta instantânea pré-cozida, prática e versátil., um item genérico com ID 12, materiais de limpeza (ID 32) - Sabão Líquido, equipamentos de comunicação (ID 29) - iPhone com design elegante, tela OLED e processador potente., roupas (ID 70) - Casaco de Inverno, produtos farmacêuticos (ID 11) - Composição: Dexametasona 4mg, e materiais de construção (ID 4) - Barra de ferro de construção, utilizado em estruturas de concreto armado.. Agradecemos pela sua contribuição e esperamos que esses itens sejam de grande ajuda!'),(108,36,1,9,115,8,27,9,25,28,10,'Esta doação inclui: Água potável (ID 19) - Água mineral natural em embalagem prática, alimentos variados (ID 83) - Sal refinado de alta pureza, adequado para uso culinário., um item genérico com ID 2, materiais de limpeza (ID 2) - Alvejante sem Cloro, equipamentos de comunicação (ID 10) - Rádio comunicador de bolso com áudio claro e bateria de longa duração., roupas (ID 14) - Vestido de Festa, produtos farmacêuticos (ID 26) - Composição: Lactobacillus acidophilus 1 bilhão UFC, e materiais de construção (ID 19) - Tubo de silicone vedante, cor branca, para vedação e acabamento em diversos materiais.. Agradecemos pela sua contribuição e esperamos que esses itens sejam de grande ajuda!'),(109,4,1,14,23,3,10,11,49,12,6,'Esta doação inclui: Água potável (ID 19) - Água purificada em embalagem econômica, alimentos variados (ID 4) - Molho de tomate pronto para uso, com ingredientes selecionados., um item genérico com ID 10, materiais de limpeza (ID 1) - Limpa-fornos, equipamentos de comunicação (ID 20) - Telefone fixo com visor luminoso e agenda para 50 contatos., roupas (ID 28) - Blusa Estampada, produtos farmacêuticos (ID 22) - Composição: Clonazepam 2mg, e materiais de construção (ID 17) - Rolo de arame farpado galvanizado, utilizado para cercamento de áreas.. Agradecemos pela sua contribuição e esperamos que esses itens sejam de grande ajuda!'),(110,43,1,5,15,16,21,2,74,16,5,'Esta doação inclui: Água potável (ID 26) - Água potável tratada com tecnologia avançada, alimentos variados (ID 127) - Arroz branco de qualidade premium, embalado a vácuo para garantir frescor prolongado., um item genérico com ID 17, materiais de limpeza (ID 29) - Água Sanitária Perfumada, equipamentos de comunicação (ID 32) - Smartphone com bateria de longa duração e câmera de 8 MP., roupas (ID 1) - Vestido Floral, produtos farmacêuticos (ID 25) - Composição: Cloridrato de Sertralina 50mg, e materiais de construção (ID 19) - Lata de tinta esmalte sintético, cor verde, para pintura de estruturas metálicas.. Agradecemos pela sua contribuição e esperamos que esses itens sejam de grande ajuda!'),(111,9,1,43,8,12,12,16,26,24,6,'Esta doação inclui: Água potável (ID 19) - Água filtrada em embalagem prática, alimentos variados (ID 119) - Geléia real light, com redução de calorias e preservação dos nutrientes., um item genérico com ID 10, materiais de limpeza (ID 9) - Água Sanitária Perfumada, equipamentos de comunicação (ID 17) - Rádio digital DMR com GPS integrado e capacidade de gravação., roupas (ID 26) - Vestido Floral, produtos farmacêuticos (ID 27) - Composição: Colágeno hidrolisado 500mg, e materiais de construção (ID 6) - Saco de cimento Portland com alta resistência inicial, ideal para obras estruturais.. Agradecemos pela sua contribuição e esperamos que esses itens sejam de grande ajuda!'),(112,33,1,1,59,16,4,3,1,6,5,'Esta doação inclui: Água potável (ID 36) - Água mineral natural proveniente de fonte pura, alimentos variados (ID 50) - Creme de leite fresco, sem conservantes., um item genérico com ID 11, materiais de limpeza (ID 13) - Cera para Pisos, equipamentos de comunicação (ID 10) - Rádio comunicador com alcance de até 36 milhas em áreas abertas., roupas (ID 57) - Camiseta Estampada, produtos farmacêuticos (ID 19) - Composição: Paracetamol 500mg, e materiais de construção (ID 19) - Balde de massa corrida para nivelamento e correção de imperfeições em paredes.. Agradecemos pela sua contribuição e esperamos que esses itens sejam de grande ajuda!'),(113,55,1,7,32,5,27,30,25,19,16,'Esta doação inclui: Água potável (ID 14) - Água potável tratada com ozônio, alimentos variados (ID 150) - Catchup diet, sem adição de açúcares, para uma alimentação saudável., um item genérico com ID 8, materiais de limpeza (ID 9) - Desinfetante Hospitalar, equipamentos de comunicação (ID 28) - Telefone sem fio com viva-voz e identificador de chamadas., roupas (ID 63) - Shorts de Tecido, produtos farmacêuticos (ID 4) - Composição: Fluoxetina 20mg, e materiais de construção (ID 15) - Tubo de PVC soldável, diâmetro padrão para sistemas hidráulicos.. Agradecemos pela sua contribuição e esperamos que esses itens sejam de grande ajuda!'),(114,57,1,30,31,20,29,3,41,27,16,'Esta doação inclui: Água potável (ID 9) - Água mineral natural proveniente de fonte pura, alimentos variados (ID 67) - Milho verde em conserva, pronto para consumo., um item genérico com ID 7, materiais de limpeza (ID 3) - Limpa-carpetes, equipamentos de comunicação (ID 24) - Telefone fixo com agenda para até 100 contatos e identificação de chamadas., roupas (ID 12) - Shorts de Tecido, produtos farmacêuticos (ID 24) - Composição: Salbutamol 100mcg/dose, e materiais de construção (ID 17) - Saco de argamassa pronta para assentamento de tijolos e blocos.. Agradecemos pela sua contribuição e esperamos que esses itens sejam de grande ajuda!'),(115,50,1,21,101,19,20,20,61,5,13,'Esta doação inclui: Água potável (ID 7) - Água potável tratada com ozônio, alimentos variados (ID 6) - Pão de forma integral, fonte de fibras e nutrientes., um item genérico com ID 12, materiais de limpeza (ID 26) - Limpa-fornos, equipamentos de comunicação (ID 36) - Rádio digital DMR com GPS integrado e capacidade de gravação., roupas (ID 18) - Saia Lápis, produtos farmacêuticos (ID 14) - Composição: Ácido Fólico 5mg, e materiais de construção (ID 17) - Telha de fibrocimento ondulada, resistente e de fácil instalação.. Agradecemos pela sua contribuição e esperamos que esses itens sejam de grande ajuda!'),(116,10,1,6,47,15,12,10,8,20,19,'Esta doação inclui: Água potável (ID 37) - Água filtrada em embalagem prática, alimentos variados (ID 134) - Biscoito de polvilho assado, leve e crocante., um item genérico com ID 14, materiais de limpeza (ID 11) - Lustra-móveis, equipamentos de comunicação (ID 2) - Smartphone com processador MediaTek Helio G35 e câmera principal de 13 MP., roupas (ID 25) - Jaqueta Corta-Vento, produtos farmacêuticos (ID 22) - Composição: Óleo de borragem 500mg, e materiais de construção (ID 5) - Saco de rejunte para cerâmica, cor bege, para acabamento de pisos e azulejos.. Agradecemos pela sua contribuição e esperamos que esses itens sejam de grande ajuda!'),(117,54,1,19,38,2,20,29,61,26,20,'Esta doação inclui: Água potável (ID 43) - Água mineral natural em garrafa de vidro retornável, alimentos variados (ID 67) - Geleia de morango artesanal, feita com frutas frescas., um item genérico com ID 15, materiais de limpeza (ID 22) - Desinfetante, equipamentos de comunicação (ID 11) - Smartphone com câmera de 48 MP e bateria de longa duração., roupas (ID 21) - Vestido Floral, produtos farmacêuticos (ID 3) - Composição: Ibuprofeno 600mg, e materiais de construção (ID 11) - Lata de tinta látex acrílica, cor branca, para pintura interna e externa.. Agradecemos pela sua contribuição e esperamos que esses itens sejam de grande ajuda!'),(118,20,1,42,83,1,13,35,62,15,6,'Esta doação inclui: Água potável (ID 24) - Água filtrada em embalagem prática, alimentos variados (ID 75) - Fubá de milho de alta qualidade, ideal para preparo de polenta e bolos., um item genérico com ID 17, materiais de limpeza (ID 30) - Sabonete Líquido, equipamentos de comunicação (ID 1) - iPhone com design elegante, tela OLED e processador potente., roupas (ID 51) - Calça Jeans Skinny, produtos farmacêuticos (ID 15) - Composição: Ibuprofeno 600mg, e materiais de construção (ID 17) - Tubo de silicone vedante, cor branca, para vedação e acabamento em diversos materiais.. Agradecemos pela sua contribuição e esperamos que esses itens sejam de grande ajuda!'),(119,38,1,35,149,17,21,22,65,8,15,'Esta doação inclui: Água potável (ID 31) - Água filtrada em embalagem prática, alimentos variados (ID 53) - Azeitonas verdes em conserva, perfeitas para petiscos e saladas., um item genérico com ID 20, materiais de limpeza (ID 31) - Limpador de Box, equipamentos de comunicação (ID 21) - Smartphone com processador MediaTek Helio P35 e câmera principal de 13 MP., roupas (ID 38) - Top Cropped, produtos farmacêuticos (ID 4) - Composição: Ferro quelato 40mg, e materiais de construção (ID 1) - Prancha de madeira de pinus tratada, utilizada em estruturas e acabamentos.. Agradecemos pela sua contribuição e esperamos que esses itens sejam de grande ajuda!'),(120,36,1,13,1,3,20,4,79,20,2,'Esta doação inclui: Água potável (ID 41) - Água filtrada em embalagem prática, alimentos variados (ID 77) - Molho de tomate caseiro, feito com tomates frescos., um item genérico com ID 16, materiais de limpeza (ID 17) - Cera para Pisos, equipamentos de comunicação (ID 20) - Telefone IP de 2 linhas com áudio HD e PoE integrado., roupas (ID 70) - Casaco de Inverno, produtos farmacêuticos (ID 16) - Composição: Ácido ascórbico 500mg, e materiais de construção (ID 8) - Saco de rejunte para cerâmica, cor bege, para acabamento de pisos e azulejos.. Agradecemos pela sua contribuição e esperamos que esses itens sejam de grande ajuda!'),(121,37,1,21,57,5,20,30,74,25,20,'Esta doação inclui: Água potável (ID 29) - Água mineral natural proveniente de fonte pura, alimentos variados (ID 109) - Geléia real pura, rica em nutrientes e energia., um item genérico com ID 2, materiais de limpeza (ID 6) - Desinfetante Hospitalar, equipamentos de comunicação (ID 22) - Smartphone com processador MediaTek Helio P35 e câmera principal de 13 MP., roupas (ID 64) - Blazer de Linho, produtos farmacêuticos (ID 10) - Composição: Creatina monoidratada, e materiais de construção (ID 2) - Pacote de pregos comuns, tamanho 17x21, para fixação de estruturas de madeira.. Agradecemos pela sua contribuição e esperamos que esses itens sejam de grande ajuda!'),(122,26,1,43,112,15,20,1,23,10,3,'Esta doação inclui: Água potável (ID 27) - Água filtrada em embalagem prática, alimentos variados (ID 25) - Fubá de milho de alta qualidade, ideal para preparo de polenta e bolos., um item genérico com ID 9, materiais de limpeza (ID 2) - Água Sanitária, equipamentos de comunicação (ID 28) - Smartphone com bateria de longa duração e câmera de 8 MP., roupas (ID 9) - Blusa de Cetim, produtos farmacêuticos (ID 23) - Composição: Ácido Fólico 5mg, e materiais de construção (ID 18) - Saco de rejunte para cerâmica, cor bege, para acabamento de pisos e azulejos.. Agradecemos pela sua contribuição e esperamos que esses itens sejam de grande ajuda!'),(123,46,1,30,95,5,9,35,62,7,5,'Esta doação inclui: Água potável (ID 22) - Água potável tratada com ozônio, alimentos variados (ID 134) - Cereal matinal rico em fibras e vitaminas, para um café da manhã saudável., um item genérico com ID 12, materiais de limpeza (ID 27) - Sabão Líquido, equipamentos de comunicação (ID 29) - Rádio comunicador com alcance de até 16 milhas e 22 canais., roupas (ID 64) - Camiseta Estampada, produtos farmacêuticos (ID 12) - Composição: Clonazepam 2mg, e materiais de construção (ID 18) - Saco de rejunte para cerâmica, cor bege, para acabamento de pisos e azulejos.. Agradecemos pela sua contribuição e esperamos que esses itens sejam de grande ajuda!'),(124,14,1,30,93,7,10,28,63,25,4,'Esta doação inclui: Água potável (ID 42) - Água potável tratada com ozônio, alimentos variados (ID 104) - Café em pó torrado e moído, saboroso e encorpado., um item genérico com ID 6, materiais de limpeza (ID 19) - Alvejante sem Cloro, equipamentos de comunicação (ID 34) - Rádio DMR digital com display LCD e programável por PC., roupas (ID 81) - Top Cropped, produtos farmacêuticos (ID 8) - Composição: Óleo de borragem 500mg, e materiais de construção (ID 17) - Lata de tinta látex acrílica, cor branca, para pintura interna e externa.. Agradecemos pela sua contribuição e esperamos que esses itens sejam de grande ajuda!'),(125,55,1,38,22,7,17,24,39,5,11,'Esta doação inclui: Água potável (ID 3) - Água filtrada em embalagem prática, alimentos variados (ID 71) - Doce de figo em calda, produzido de forma artesanal., um item genérico com ID 8, materiais de limpeza (ID 12) - Desinfetante Multiuso, equipamentos de comunicação (ID 18) - Rádio móvel dual band VHF/UHF com display LCD e 200 canais., roupas (ID 28) - Vestido de Festa, produtos farmacêuticos (ID 27) - Composição: Ácido ascórbico 500mg, e materiais de construção (ID 16) - Balde de massa corrida para nivelamento e correção de imperfeições em paredes.. Agradecemos pela sua contribuição e esperamos que esses itens sejam de grande ajuda!'),(126,48,1,29,84,2,29,18,41,24,14,'Esta doação inclui: Água potável (ID 16) - Água purificada em garrafa de vidro retornável, alimentos variados (ID 104) - Doce de leite tradicional, cremoso e irresistível., um item genérico com ID 2, materiais de limpeza (ID 10) - Desinfetante de Superfície, equipamentos de comunicação (ID 15) - Smartphone com processador MediaTek Helio G35 e câmera principal de 13 MP., roupas (ID 22) - Blusa Manga Longa, produtos farmacêuticos (ID 19) - Composição: Óleo de peixe 1000mg, e materiais de construção (ID 8) - Prancha de madeira de pinus tratada, utilizada em estruturas e acabamentos.. Agradecemos pela sua contribuição e esperamos que esses itens sejam de grande ajuda!'),(127,21,1,12,23,15,22,24,30,9,7,'Esta doação inclui: Água potável (ID 20) - Água filtrada em embalagem prática, alimentos variados (ID 115) - Geléia real pura, rica em nutrientes e energia., um item genérico com ID 16, materiais de limpeza (ID 27) - Desinfetante de Superfície, equipamentos de comunicação (ID 3) - Smartphone com tela AMOLED e carregamento rápido., roupas (ID 75) - Camiseta Básica, produtos farmacêuticos (ID 13) - Composição: Salbutamol 100mcg/dose, e materiais de construção (ID 14) - Saco de rejunte para cerâmica, cor bege, para acabamento de pisos e azulejos.. Agradecemos pela sua contribuição e esperamos que esses itens sejam de grande ajuda!'),(128,39,1,40,51,20,28,26,63,2,15,'Esta doação inclui: Água potável (ID 40) - Água potável tratada com ozônio, alimentos variados (ID 59) - Suco em pó sabor laranja, fácil de preparar e refrescante., um item genérico com ID 14, materiais de limpeza (ID 14) - Amaciante de Carpetes, equipamentos de comunicação (ID 5) - Telefone fixo com visor luminoso e identificação de chamadas., roupas (ID 46) - Camisa Polo, produtos farmacêuticos (ID 3) - Composição: Colágeno hidrolisado 500mg, e materiais de construção (ID 3) - Telha de cerâmica esmaltada, cor vermelha, utilizada para cobertura de telhados.. Agradecemos pela sua contribuição e esperamos que esses itens sejam de grande ajuda!');
/*!40000 ALTER TABLE `doacao` ENABLE KEYS */;
UNLOCK TABLES;

--
-- Table structure for table `equipamentos_de_comunicacao`
--

DROP TABLE IF EXISTS `equipamentos_de_comunicacao`;
/*!40101 SET @saved_cs_client     = @@character_set_client */;
/*!50503 SET character_set_client = utf8mb4 */;
CREATE TABLE `equipamentos_de_comunicacao` (
  `ID_aparelho` int NOT NULL AUTO_INCREMENT,
  `Tipo_de_equipamento` varchar(200) DEFAULT NULL,
  `Marca` varchar(100) DEFAULT NULL,
  `Modelo` varchar(100) DEFAULT NULL,
  `Data_de_aquisicao` date DEFAULT NULL,
  `Descricao` text,
  PRIMARY KEY (`ID_aparelho`)
) ENGINE=InnoDB AUTO_INCREMENT=42 DEFAULT CHARSET=utf8mb4 COLLATE=utf8mb4_0900_ai_ci COMMENT='Tabela que armazena informações sobre equipamentos de comunicação disponíveis para doação.';
/*!40101 SET character_set_client = @saved_cs_client */;

--
-- Dumping data for table `equipamentos_de_comunicacao`
--

LOCK TABLES `equipamentos_de_comunicacao` WRITE;
/*!40000 ALTER TABLE `equipamentos_de_comunicacao` DISABLE KEYS */;
INSERT INTO `equipamentos_de_comunicacao` VALUES (1,'Telefone Celular','Samsung','Galaxy S20','2023-01-15','Smartphone com sistema Android e câmera de alta resolução.'),(2,'Telefone Celular','Apple','iPhone 12','2023-02-20','iPhone com design elegante, tela OLED e processador potente.'),(3,'Telefone Fixo','Intelbras','TC 20','2023-03-10','Telefone fixo com design moderno e fácil de usar.'),(4,'Telefone Fixo','Panasonic','KX-TGB110LB','2023-04-05','Telefone sem fio com viva-voz e identificador de chamadas.'),(5,'Rádio Comunicador','Motorola','Talkabout T800','2023-05-12','Rádio comunicador com alcance de até 35 milhas e resistente à água.'),(6,'Rádio Comunicador','Baofeng','UV-5R','2023-06-18','Rádio dual band com display LCD e lanterna embutida.'),(7,'Telefone Celular','Xiaomi','Redmi Note 10','2023-07-22','Smartphone com câmera de 48 MP e bateria de longa duração.'),(8,'Telefone Fixo','Siemens','Gigaset A490','2023-08-30','Telefone fixo com agenda para até 100 contatos e identificação de chamadas.'),(9,'Rádio Comunicador','Kenwood','TK-3402U16P','2023-09-05','Rádio UHF com 16 canais e função de cancelamento de ruído.'),(10,'Telefone Celular','OnePlus','8T','2023-10-10','Smartphone com tela AMOLED e carregamento rápido.'),(11,'Rádio Comunicador','Midland','GXT1000VP4','2023-11-20','Rádio comunicador com alcance de até 36 milhas em áreas abertas.'),(12,'Telefone Fixo','Alcatel','Versatis F230','2023-12-25','Telefone sem fio com display luminoso e viva-voz integrado.'),(13,'Telefone Celular','LG','K42','2023-01-10','Smartphone com resistência militar e câmera de 13 MP.'),(14,'Telefone Celular','Google','Pixel 4a','2023-02-08','Smartphone com câmera de 12.2 MP e armazenamento ilimitado em alta qualidade com Google Fotos.'),(15,'Rádio Comunicador','Cobra','ACXT145','2023-03-17','Rádio comunicador com alcance de até 16 milhas e 22 canais.'),(16,'Telefone Fixo','Philips','D1301W/BR','2023-04-22','Telefone sem fio com display iluminado e identificador de chamadas.'),(17,'Telefone Celular','Sony','Xperia 10 III','2023-05-28','Smartphone com tela OLED de 6 polegadas e câmera tripla.'),(18,'Rádio Comunicador','Uniden','SX327-2CKHS','2023-06-03','Rádio comunicador com alcance de até 32 milhas e resistência à água e poeira.'),(19,'Telefone Fixo','VTech','CD1113-BR','2023-07-15','Telefone fixo com visor luminoso e identificação de chamadas.'),(20,'Telefone Celular','Nokia','C3','2023-08-20','Smartphone com bateria de longa duração e câmera de 8 MP.'),(21,'Rádio Comunicador','TYT','MD-380','2023-09-25','Rádio DMR digital com display LCD e programável por PC.'),(22,'Telefone Fixo','Positivo','P70S','2023-10-30','Telefone fixo com design compacto e teclado luminoso.'),(23,'Telefone Celular','Asus','Zenfone 8','2023-11-04','Smartphone com processador Snapdragon 888 e tela AMOLED de 120 Hz.'),(24,'Rádio Comunicador','Icom','IC-F2000S','2023-12-10','Rádio portátil com resistência à água e poeira e 128 canais.'),(25,'Telefone Fixo','Elgin','TCF 3000','2024-01-18','Telefone fixo com visor luminoso e agenda para 50 contatos.'),(26,'Telefone Celular','Realme','7 Pro','2024-02-22','Smartphone com carregamento SuperDart de 65W e tela Super AMOLED.'),(27,'Rádio Comunicador','Retevis','RT22','2024-03-30','Rádio comunicador de bolso com áudio claro e bateria de longa duração.'),(28,'Telefone Fixo','Multilaser','Telefone Fixo Chip MS45','2024-04-05','Telefone fixo com entrada para chip SIM e identificador de chamadas.'),(29,'Telefone Celular','Lenovo','K13 Note','2024-05-10','Smartphone com processador MediaTek Helio G35 e câmera principal de 13 MP.'),(30,'Rádio Comunicador','Baojie','BJ-218','2024-06-15','Rádio móvel dual band VHF/UHF com display LCD e 200 canais.'),(31,'Telefone Fixo','Cisco','CP-7811-K9','2024-07-20','Telefone IP com suporte para até 2 linhas e viva-voz full-duplex.'),(32,'Telefone Celular','ZTE','Blade V30 Vita','2024-08-25','Smartphone com processador MediaTek Helio P60 e câmera de 13 MP.'),(33,'Rádio Comunicador','Anytone','AT-D878UV','2024-09-28','Rádio digital DMR com GPS integrado e capacidade de gravação.'),(34,'Telefone Fixo','CISCO','SPA303-G1','2024-10-30','Telefone IP de 3 linhas com alto-falante full-duplex e PoE integrado.'),(35,'Telefone Celular','Motorola','Moto E20','2024-11-02','Smartphone com processador MediaTek Helio P22 e câmera principal de 13 MP.'),(36,'Rádio Comunicador','Wouxun','KG-UV9D','2024-12-10','Rádio dual band VHF/UHF com função cross-band repeat e 999 canais.'),(37,'Telefone Fixo','Grandstream','GXP1610','2025-01-15','Telefone IP de 1 linha com áudio em HD e suporte a PoE.'),(38,'Telefone Celular','Xiaomi','Redmi 10','2025-02-20','Smartphone com processador MediaTek Helio G88 e câmera quádrupla de 50 MP.'),(39,'Rádio Comunicador','Alinco','DJ-MD5TGP','2025-03-25','Rádio dual band VHF/UHF com GPS integrado e display colorido.'),(40,'Telefone Fixo','Yealink','SIP-T21P E2','2025-04-30','Telefone IP de 2 linhas com áudio HD e PoE integrado.'),(41,'Telefone Celular','Oppo','A15s','2025-05-10','Smartphone com processador MediaTek Helio P35 e câmera principal de 13 MP.');
/*!40000 ALTER TABLE `equipamentos_de_comunicacao` ENABLE KEYS */;
UNLOCK TABLES;

--
-- Table structure for table `farmaceuticos`
--

DROP TABLE IF EXISTS `farmaceuticos`;
/*!40101 SET @saved_cs_client     = @@character_set_client */;
/*!50503 SET character_set_client = utf8mb4 */;
CREATE TABLE `farmaceuticos` (
  `ID_Farmaceutico` int NOT NULL AUTO_INCREMENT,
  `Nome_Comercial` varchar(100) DEFAULT NULL,
  `Tipo` enum('Medicamento','Suplemento','Homeopático') DEFAULT NULL,
  `Data_de_Validade` date DEFAULT NULL,
  `Quantidade_em_Estoque` decimal(10,2) DEFAULT NULL,
  `Instrucoes_de_Uso` text,
  `Nivel_de_Restricao` enum('Prescrição Necessária','Venda Livre') DEFAULT NULL,
  `Fabricante` varchar(100) DEFAULT NULL,
  `Composicao` text,
  `Efeitos_Colaterais` text,
  PRIMARY KEY (`ID_Farmaceutico`)
) ENGINE=InnoDB AUTO_INCREMENT=30 DEFAULT CHARSET=utf8mb4 COLLATE=utf8mb4_0900_ai_ci COMMENT='Tabela que armazena informações sobre produtos farmacêuticos disponíveis para doação.';
/*!40101 SET character_set_client = @saved_cs_client */;

--
-- Dumping data for table `farmaceuticos`
--

LOCK TABLES `farmaceuticos` WRITE;
/*!40000 ALTER TABLE `farmaceuticos` DISABLE KEYS */;
INSERT INTO `farmaceuticos` VALUES (1,'Paracetamol','Medicamento','2025-05-01',1500.00,'Tomar 1 comprimido a cada 6 horas, não exceder 4 comprimidos por dia.','Venda Livre','GenéricoPharma','Paracetamol 500mg','Raros efeitos colaterais, como reações alérgicas.'),(2,'Vitamina C','Suplemento','2023-09-15',500.00,'Tomar 1 comprimido por dia, de preferência pela manhã.','Venda Livre','VitaLife','Ácido ascórbico 500mg','Pode causar desconforto estomacal em doses elevadas.'),(3,'Rivotril','Medicamento','2024-12-10',200.00,'Tomar 1 comprimido antes de dormir, sob prescrição médica.','Prescrição Necessária','Roche','Clonazepam 2mg','Pode causar sonolência e dependência.'),(4,'Omega-3','Suplemento','2023-11-30',300.00,'Tomar 1 cápsula por dia, de preferência durante as refeições.','Venda Livre','NutriVida','Óleo de peixe 1000mg','Pode causar sabor residual de peixe e refluxo.'),(5,'Arnica Montana','Homeopático','2023-07-20',100.00,'Dissolver 5 glóbulos em 100ml de água e tomar 1 colher de sopa 3 vezes ao dia.','Venda Livre','Weleda','Arnica Montana 30CH','Geralmente bem tolerado, mas pode causar reações alérgicas em algumas pessoas.'),(6,'Dipirona Sódica','Medicamento','2024-10-05',800.00,'Tomar 1 comprimido a cada 8 horas, não exceder 4 comprimidos por dia.','Venda Livre','NeoQuímica','Dipirona Sódica 500mg','Pode causar reações alérgicas e queda de pressão arterial.'),(7,'Probiótico','Suplemento','2023-08-25',400.00,'Tomar 1 cápsula por dia, de preferência pela manhã.','Venda Livre','ProbiLife','Lactobacillus acidophilus 1 bilhão UFC','Pode causar desconforto abdominal temporário.'),(8,'Fluoxetina','Medicamento','2024-09-12',300.00,'Tomar 1 comprimido pela manhã, sob prescrição médica.','Prescrição Necessária','EMS','Fluoxetina 20mg','Pode causar insônia, nervosismo e alterações de apetite.'),(9,'Sibutramina','Medicamento','2024-11-30',150.00,'Tomar 1 cápsula antes do café da manhã, sob prescrição médica.','Prescrição Necessária','Aché','Cloridrato de sibutramina 15mg','Pode causar aumento da pressão arterial e taquicardia.'),(10,'Cloreto de Magnésio','Suplemento','2023-10-10',600.00,'Dissolver 1 colher de chá em 200ml de água e tomar 1 vez ao dia.','Venda Livre','Farmácia de Manipulação','Cloreto de Magnésio 33,3%','Pode causar diarreia em doses elevadas.'),(11,'Ibuprofeno','Medicamento','2025-03-15',1000.00,'Tomar 1 comprimido a cada 6 horas, não exceder 4 comprimidos por dia.','Venda Livre','Bayer','Ibuprofeno 600mg','Pode causar irritação gástrica e aumento da pressão arterial.'),(12,'Ferro quelato','Suplemento','2023-12-20',400.00,'Tomar 1 comprimido por dia, de preferência com o estômago vazio.','Venda Livre','NatureVida','Ferro quelato 40mg','Pode causar constipação e escurecimento das fezes.'),(13,'Ranitidina','Medicamento','2024-08-08',700.00,'Tomar 1 comprimido antes do café da manhã e 1 antes do jantar, sob prescrição médica.','Prescrição Necessária','GenéricoPharma','Ranitidina 150mg','Pode causar sonolência e dor de cabeça.'),(14,'Melatonina','Suplemento','2023-06-25',200.00,'Tomar 1 cápsula 30 minutos antes de dormir.','Venda Livre','MelatoninCorp','Melatonina 5mg','Pode causar sonolência excessiva pela manhã.'),(15,'Dexametasona','Medicamento','2024-07-10',300.00,'Tomar 1 comprimido pela manhã, sob prescrição médica.','Prescrição Necessária','Biolab','Dexametasona 4mg','Pode causar aumento de peso e retenção de líquidos.'),(16,'Calcitriol','Suplemento','2023-05-20',500.00,'Tomar 1 cápsula por dia, de preferência com uma refeição.','Venda Livre','VitaVit','Calcitriol 0,25mcg','Pode causar hipercalcemia em doses elevadas.'),(17,'Salbutamol','Medicamento','2025-01-15',400.00,'Inalar 1 dose a cada 4-6 horas, conforme necessário.','Prescrição Necessária','Teuto','Salbutamol 100mcg/dose','Pode causar tremores e taquicardia.'),(18,'Multivitamínico','Suplemento','2023-04-30',600.00,'Tomar 1 comprimido por dia, de preferência durante as refeições.','Venda Livre','VitaPlus','Vitaminas A, C, D, E, complexo B','Pode causar coloração amarela na urina devido à vitamina B2.'),(19,'Metformina','Medicamento','2024-06-20',800.00,'Tomar 1 comprimido 2 vezes ao dia, junto com as refeições.','Prescrição Necessária','Merck','Metformina 850mg','Pode causar desconforto abdominal e diarreia.'),(20,'Colágeno','Suplemento','2023-03-10',300.00,'Tomar 1 cápsula por dia, de preferência pela manhã.','Venda Livre','ColagenCorp','Colágeno hidrolisado 500mg','Pode causar reações alérgicas em pessoas sensíveis.'),(21,'Loratadina','Medicamento','2025-02-28',500.00,'Tomar 1 comprimido por dia, de preferência pela manhã.','Venda Livre','EMS','Loratadina 10mg','Pode causar sonolência e boca seca.'),(22,'Proteína de Soja','Suplemento','2023-02-15',200.00,'Adicionar 1 colher de sopa a sucos, vitaminas ou alimentos.','Venda Livre','NutriVida','Proteína de Soja isolada','Pode causar desconforto gastrointestinal em pessoas sensíveis.'),(23,'Losartana Potássica','Medicamento','2024-05-10',400.00,'Tomar 1 comprimido por dia, sob prescrição médica.','Prescrição Necessária','Biolab','Losartana Potássica 50mg','Pode causar tontura e tosse seca.'),(24,'Vitamina D','Suplemento','2023-01-05',300.00,'Tomar 1 cápsula por dia, de preferência com uma refeição.','Venda Livre','VitaLife','Vitamina D3 1000UI','Pode causar hipervitaminose em doses elevadas.'),(25,'Ácido Fólico','Medicamento','2025-04-12',600.00,'Tomar 1 comprimido por dia, de preferência pela manhã.','Venda Livre','Teuto','Ácido Fólico 5mg','Pode causar reações alérgicas em algumas pessoas.'),(26,'Ômega-6','Suplemento','2023-12-05',200.00,'Tomar 1 cápsula por dia, de preferência durante as refeições.','Venda Livre','NutriVida','Óleo de borragem 500mg','Pode causar aumento do colesterol LDL em doses elevadas.'),(27,'Cloridrato de Sertralina','Medicamento','2024-04-30',700.00,'Tomar 1 comprimido pela manhã, sob prescrição médica.','Prescrição Necessária','Eurofarma','Cloridrato de Sertralina 50mg','Pode causar insônia e aumento de peso.'),(28,'Creatina','Suplemento','2023-11-15',300.00,'Tomar 1 colher de chá (5g) com água ou suco após o treino.','Venda Livre','NutriPower','Creatina monoidratada','Pode causar desconforto gastrointestinal em doses elevadas.'),(29,'Bromazepam','Medicamento','2024-03-20',200.00,'Tomar 1 comprimido antes de dormir, sob prescrição médica.','Prescrição Necessária','EMS','Bromazepam 6mg','Pode causar sonolência e confusão mental.');
/*!40000 ALTER TABLE `farmaceuticos` ENABLE KEYS */;
UNLOCK TABLES;

--
-- Table structure for table `instituicao`
--

DROP TABLE IF EXISTS `instituicao`;
/*!40101 SET @saved_cs_client     = @@character_set_client */;
/*!50503 SET character_set_client = utf8mb4 */;
CREATE TABLE `instituicao` (
  `ID_Instituicao` mediumint NOT NULL AUTO_INCREMENT,
  `Nome_Instituicao` varchar(100) DEFAULT NULL,
  `Email` varchar(50) DEFAULT NULL,
  `Telefone` varchar(50) DEFAULT NULL,
  `Enderecos` varchar(225) DEFAULT NULL,
  `Descricao` text,
  PRIMARY KEY (`ID_Instituicao`)
) ENGINE=InnoDB AUTO_INCREMENT=2 DEFAULT CHARSET=utf8mb4 COLLATE=utf8mb4_0900_ai_ci COMMENT='Tabela que armazena informações sobre a instituição.';
/*!40101 SET character_set_client = @saved_cs_client */;

--
-- Dumping data for table `instituicao`
--

LOCK TABLES `instituicao` WRITE;
/*!40000 ALTER TABLE `instituicao` DISABLE KEYS */;
INSERT INTO `instituicao` VALUES (1,'Portal de Socorro e Apoio','portaldesocorro@gmail.com','(11) 98765-4321','Rua dos Voluntários, 123 - Centro - CEP 12345-678','O Portal de Socorro e Apoio é uma instituição dedicada a fornecer assistência humanitária em situações de emergência e apoio comunitário. Nossa missão é ajudar aqueles que mais precisam em momentos difíceis, fornecendo recursos essenciais e apoio emocional.');
/*!40000 ALTER TABLE `instituicao` ENABLE KEYS */;
UNLOCK TABLES;

--
-- Table structure for table `instituicao_assistencia`
--

DROP TABLE IF EXISTS `instituicao_assistencia`;
/*!40101 SET @saved_cs_client     = @@character_set_client */;
/*!50503 SET character_set_client = utf8mb4 */;
CREATE TABLE `instituicao_assistencia` (
  `ID` mediumint NOT NULL AUTO_INCREMENT,
  `ID_Assistencia` mediumint NOT NULL,
  `ID_Instituicao` mediumint NOT NULL,
  PRIMARY KEY (`ID`,`ID_Assistencia`,`ID_Instituicao`),
  KEY `ID_Instituicao` (`ID_Instituicao`),
  KEY `ID_Assistencia` (`ID_Assistencia`),
  CONSTRAINT `instituicao_assistencia_ibfk_1` FOREIGN KEY (`ID_Instituicao`) REFERENCES `instituicao` (`ID_Instituicao`),
  CONSTRAINT `instituicao_assistencia_ibfk_2` FOREIGN KEY (`ID_Assistencia`) REFERENCES `assistencia_tecnica` (`ID_Assistencia`),
  CONSTRAINT `instituicao_assistencia_ibfk_3` FOREIGN KEY (`ID_Instituicao`) REFERENCES `instituicao` (`ID_Instituicao`),
  CONSTRAINT `instituicao_assistencia_ibfk_4` FOREIGN KEY (`ID_Assistencia`) REFERENCES `assistencia_tecnica` (`ID_Assistencia`),
  CONSTRAINT `instituicao_assistencia_ibfk_5` FOREIGN KEY (`ID_Instituicao`) REFERENCES `instituicao` (`ID_Instituicao`),
  CONSTRAINT `instituicao_assistencia_ibfk_6` FOREIGN KEY (`ID_Assistencia`) REFERENCES `assistencia_tecnica` (`ID_Assistencia`)
) ENGINE=InnoDB AUTO_INCREMENT=32 DEFAULT CHARSET=utf8mb4 COLLATE=utf8mb4_0900_ai_ci COMMENT='Tabela de relação entre instituições e pessoas que prestam assistencia tecnica.';
/*!40101 SET character_set_client = @saved_cs_client */;

--
-- Dumping data for table `instituicao_assistencia`
--

LOCK TABLES `instituicao_assistencia` WRITE;
/*!40000 ALTER TABLE `instituicao_assistencia` DISABLE KEYS */;
INSERT INTO `instituicao_assistencia` VALUES (1,1,1),(2,2,1),(3,3,1),(4,4,1),(5,5,1),(6,6,1),(7,7,1),(8,8,1),(9,9,1),(10,10,1),(11,11,1),(12,12,1),(13,13,1),(14,14,1),(15,15,1),(16,16,1),(17,17,1),(18,18,1),(19,19,1),(20,20,1),(21,21,1),(22,22,1),(23,23,1),(24,24,1),(25,25,1),(26,26,1),(27,27,1),(28,28,1),(29,29,1),(30,30,1);
/*!40000 ALTER TABLE `instituicao_assistencia` ENABLE KEYS */;
UNLOCK TABLES;

--
-- Table structure for table `instituicao_voluntarios`
--

DROP TABLE IF EXISTS `instituicao_voluntarios`;
/*!40101 SET @saved_cs_client     = @@character_set_client */;
/*!50503 SET character_set_client = utf8mb4 */;
CREATE TABLE `instituicao_voluntarios` (
  `ID` mediumint NOT NULL AUTO_INCREMENT,
  `ID_Instituicao` mediumint DEFAULT NULL,
  `ID_Voluntario` mediumint DEFAULT NULL,
  PRIMARY KEY (`ID`),
  KEY `ID_Voluntario` (`ID_Voluntario`),
  KEY `ID_Instituicao` (`ID_Instituicao`),
  CONSTRAINT `instituicao_voluntarios_ibfk_1` FOREIGN KEY (`ID_Voluntario`) REFERENCES `voluntarios` (`ID_Voluntario`),
  CONSTRAINT `instituicao_voluntarios_ibfk_2` FOREIGN KEY (`ID_Instituicao`) REFERENCES `instituicao` (`ID_Instituicao`)
) ENGINE=InnoDB AUTO_INCREMENT=64 DEFAULT CHARSET=utf8mb4 COLLATE=utf8mb4_0900_ai_ci COMMENT='Tabela de relação entre instituições e voluntários.';
/*!40101 SET character_set_client = @saved_cs_client */;

--
-- Dumping data for table `instituicao_voluntarios`
--

LOCK TABLES `instituicao_voluntarios` WRITE;
/*!40000 ALTER TABLE `instituicao_voluntarios` DISABLE KEYS */;
INSERT INTO `instituicao_voluntarios` VALUES (1,1,24),(2,1,1),(3,1,9),(4,1,28),(5,1,33),(6,1,26),(7,1,2),(8,1,22),(9,1,3),(10,1,21),(11,1,6),(12,1,15),(13,1,27),(14,1,12),(15,1,25),(16,1,18),(17,1,7),(18,1,17),(19,1,20),(20,1,32),(21,1,5),(22,1,16),(23,1,31),(24,1,13),(25,1,19),(26,1,4),(27,1,29),(28,1,14),(29,1,10),(30,1,23),(31,1,8),(32,1,30),(33,1,11);
/*!40000 ALTER TABLE `instituicao_voluntarios` ENABLE KEYS */;
UNLOCK TABLES;

--
-- Table structure for table `materiais_de_construcao`
--

DROP TABLE IF EXISTS `materiais_de_construcao`;
/*!40101 SET @saved_cs_client     = @@character_set_client */;
/*!50503 SET character_set_client = utf8mb4 */;
CREATE TABLE `materiais_de_construcao` (
  `ID_Construcao` int NOT NULL AUTO_INCREMENT,
  `Quantidade` int DEFAULT NULL,
  `Peso` decimal(10,0) DEFAULT NULL,
  `Material` varchar(100) DEFAULT NULL,
  `Descricao` text,
  PRIMARY KEY (`ID_Construcao`)
) ENGINE=InnoDB AUTO_INCREMENT=21 DEFAULT CHARSET=utf8mb4 COLLATE=utf8mb4_0900_ai_ci COMMENT='Tabela que armazena informações sobre materiais de construção disponíveis para doação.';
/*!40101 SET character_set_client = @saved_cs_client */;

--
-- Dumping data for table `materiais_de_construcao`
--

LOCK TABLES `materiais_de_construcao` WRITE;
/*!40000 ALTER TABLE `materiais_de_construcao` DISABLE KEYS */;
INSERT INTO `materiais_de_construcao` VALUES (1,150,26,'Tijolo Cerâmico','Tijolos cerâmicos vermelhos, tamanho padrão para construção de paredes.'),(2,200,15,'Cimento Portland','Saco de cimento Portland com alta resistência inicial, ideal para obras estruturais.'),(3,100,30,'Bloco de Concreto','Bloco de concreto estrutural, utilizado na construção de paredes e muros.'),(4,80,19,'Telha de Cerâmica','Telha de cerâmica esmaltada, cor vermelha, utilizada para cobertura de telhados.'),(5,120,13,'Arame Farpado','Rolo de arame farpado galvanizado, utilizado para cercamento de áreas.'),(6,90,40,'Vigota de Madeira','Vigota de madeira tratada, dimensões padrão para estruturas de telhado.'),(7,250,9,'Tinta Látex','Lata de tinta látex acrílica, cor branca, para pintura interna e externa.'),(8,180,11,'Areia Lavada','Metro cúbico de areia lavada, utilizada como componente de argamassas e concretos.'),(9,300,22,'Ferro de Construção','Barra de ferro de construção, utilizado em estruturas de concreto armado.'),(10,70,35,'Placa de Gesso','Placa de gesso acartonado, para divisórias e forros em construções.'),(11,150,10,'Tinta Esmalte','Lata de tinta esmalte sintético, cor verde, para pintura de estruturas metálicas.'),(12,120,28,'Madeira de Pinus','Prancha de madeira de pinus tratada, utilizada em estruturas e acabamentos.'),(13,200,15,'Argamassa Pronta','Saco de argamassa pronta para assentamento de tijolos e blocos.'),(14,100,32,'Telha de Fibrocimento','Telha de fibrocimento ondulada, resistente e de fácil instalação.'),(15,80,20,'Tubo PVC','Tubo de PVC soldável, diâmetro padrão para sistemas hidráulicos.'),(16,150,10,'Massa Corrida','Balde de massa corrida para nivelamento e correção de imperfeições em paredes.'),(17,90,38,'Prego Comum','Pacote de pregos comuns, tamanho 17x21, para fixação de estruturas de madeira.'),(18,200,14,'Silicone Vedante','Tubo de silicone vedante, cor branca, para vedação e acabamento em diversos materiais.'),(19,120,25,'Tinta Verniz','Lata de tinta verniz transparente, para proteção e acabamento de madeiras.'),(20,180,9,'Rejunte para Cerâmica','Saco de rejunte para cerâmica, cor bege, para acabamento de pisos e azulejos.');
/*!40000 ALTER TABLE `materiais_de_construcao` ENABLE KEYS */;
UNLOCK TABLES;

--
-- Table structure for table `materiais_de_limpeza`
--

DROP TABLE IF EXISTS `materiais_de_limpeza`;
/*!40101 SET @saved_cs_client     = @@character_set_client */;
/*!50503 SET character_set_client = utf8mb4 */;
CREATE TABLE `materiais_de_limpeza` (
  `ID` int NOT NULL AUTO_INCREMENT,
  `Nome_item` varchar(225) DEFAULT NULL,
  `Quantidade` int DEFAULT NULL,
  `Data_recebimento` date DEFAULT NULL,
  `Data_validade` date DEFAULT NULL,
  `Categoria` varchar(100) DEFAULT NULL,
  `Instrucoes_uso` text,
  PRIMARY KEY (`ID`)
) ENGINE=InnoDB AUTO_INCREMENT=33 DEFAULT CHARSET=utf8mb4 COLLATE=utf8mb4_0900_ai_ci COMMENT='Tabela que armazena informações sobre materiais de limpeza disponíveis para doação.';
/*!40101 SET character_set_client = @saved_cs_client */;

--
-- Dumping data for table `materiais_de_limpeza`
--

LOCK TABLES `materiais_de_limpeza` WRITE;
/*!40000 ALTER TABLE `materiais_de_limpeza` DISABLE KEYS */;
INSERT INTO `materiais_de_limpeza` VALUES (1,'Detergente',50,'2024-06-01','2024-12-01','Limpeza Geral','Aplicar o detergente na superfície suja e esfregar com uma esponja úmida.'),(2,'Água Sanitária',30,'2024-05-15','2025-05-15','Desinfetantes','Diluir a água sanitária em água e aplicar na superfície a ser desinfetada, deixando agir por alguns minutos antes de enxaguar.'),(3,'Desinfetante',40,'2024-05-20','2024-11-20','Desinfetantes','Aplicar o desinfetante diretamente na superfície e deixar secar naturalmente.'),(4,'Sabão em Pó',60,'2024-06-05','2025-06-05','Limpeza de Roupas','Adicionar uma medida de sabão em pó na máquina de lavar junto com as roupas.'),(5,'Lustra-móveis',25,'2024-06-10','2025-06-10','Limpeza de Móveis','Aplicar uma pequena quantidade de lustra-móveis em um pano macio e limpo e espalhar sobre a superfície a ser limpa, em movimentos circulares.'),(6,'Limpa-vidros',35,'2024-06-15','2025-06-15','Limpeza de Vidros','Aplicar o limpa-vidros em um pano limpo e seco e passar sobre a superfície de vidro, depois polir com um pano seco.'),(7,'Amaciante de Roupas',40,'2024-06-20','2025-06-20','Limpeza de Roupas','Adicionar uma medida de amaciante na última etapa da lavagem de roupas na máquina.'),(8,'Alvejante sem Cloro',30,'2024-06-25','2025-06-25','Desinfetantes','Diluir o alvejante sem cloro em água e aplicar na superfície a ser desinfetada, deixando agir por alguns minutos antes de enxaguar.'),(9,'Esponja de Limpeza',70,'2024-07-01','2025-07-01','Acessórios de Limpeza','Utilizar a esponja de limpeza úmida para esfregar superfícies sujas e encardidas.'),(10,'Pano de Limpeza',80,'2024-07-05','2025-07-05','Acessórios de Limpeza','Utilizar o pano de limpeza seco para remover poeira e o úmido para limpar superfícies.'),(11,'Desengordurante',25,'2024-07-10','2024-12-10','Limpeza Geral','Aplicar o desengordurante diretamente na superfície engordurada e esfregar com uma esponja úmida.'),(12,'Desinfetante de Superfície',30,'2024-07-15','2024-12-15','Desinfetantes','Aplicar o desinfetante diretamente na superfície a ser desinfetada e deixar agir por alguns minutos antes de enxaguar.'),(13,'Sabonete Líquido',50,'2024-07-20','2025-07-20','Higiene Pessoal','Aplicar o sabonete líquido nas mãos úmidas, espalhar e enxaguar com água.'),(14,'Removedor de Manchas',35,'2024-07-25','2025-07-25','Limpeza de Roupas','Aplicar o removedor de manchas diretamente sobre a mancha e deixar agir por alguns minutos antes de lavar.'),(15,'Água Sanitária Perfumada',30,'2024-08-01','2025-08-01','Desinfetantes','Diluir a água sanitária perfumada em água e aplicar na superfície a ser desinfetada, deixando agir por alguns minutos antes de enxaguar.'),(16,'Desodorizador de Ambiente',40,'2024-08-05','2025-08-05','Aromatizantes','Borrifar o desodorizador de ambiente em áreas a serem aromatizadas, evitando contato com os olhos e inalação direta.'),(17,'Limpa-pisos',60,'2024-08-10','2025-08-10','Limpeza de Pisos','Aplicar o limpa-pisos diretamente no chão e esfregar com uma vassoura ou mop úmido.'),(18,'Limpa-carpetes',25,'2024-08-15','2025-08-15','Limpeza de Carpetes','Aplicar o limpa-carpetes na área a ser limpa e esfregar com uma escova ou esponja úmida, depois aspirar o excesso.'),(19,'Álcool em Gel',50,'2024-08-20','2025-08-20','Desinfetantes','Aplicar o álcool em gel nas mãos e esfregar até secar completamente, sem enxágue.'),(20,'Desinfetante Multiuso',35,'2024-08-25','2025-08-25','Desinfetantes','Aplicar o desinfetante multiuso diretamente na superfície e deixar secar naturalmente.'),(21,'Sabão Líquido',40,'2024-09-01','2025-09-01','Limpeza de Roupas','Adicionar uma medida de sabão líquido na máquina de lavar junto com as roupas.'),(22,'Limpa-fornos',30,'2024-09-05','2025-09-05','Limpeza de Cozinha','Aplicar o limpa-fornos na superfície interna do forno e deixar agir por alguns minutos antes de esfregar com uma esponja úmida.'),(23,'Amaciante de Carpetes',25,'2024-09-10','2025-09-10','Limpeza de Carpetes','Aplicar o amaciante de carpetes na área a ser limpa e esfregar com uma escova ou esponja úmida, depois enxaguar com água.'),(24,'Limpa-telas',40,'2024-09-15','2025-09-15','Limpeza de Eletrônicos','Aplicar o limpa-telas em um pano macio e limpo e passar sobre a tela do dispositivo eletrônico, evitando borrifar diretamente no aparelho.'),(25,'Limpador de Box',30,'2024-09-20','2025-09-20','Limpeza de Banheiro','Aplicar o limpador de box na superfície do box do banheiro e esfregar com uma esponja úmida, depois enxaguar com água.'),(26,'Desinfetante Hospitalar',25,'2024-09-25','2025-09-25','Desinfetantes','Aplicar o desinfetante hospitalar diretamente na superfície e deixar agir por alguns minutos antes de enxaguar.'),(27,'Cera para Pisos',30,'2024-10-01','2025-10-01','Limpeza de Pisos','Aplicar a cera para pisos com um aplicador específico e espalhar uniformemente, deixando secar antes de polir.'),(28,'Detergente Líquido',40,'2024-10-05','2025-10-05','Limpeza Geral','Aplicar o detergente líquido na esponja úmida e esfregar nas superfícies sujas, enxaguando com água.'),(29,'Desinfetante Odorizador',30,'2024-10-10','2025-10-10','Desinfetantes','Aplicar o desinfetante odorizador diretamente na superfície e deixar agir por alguns minutos antes de enxaguar.'),(30,'Água Sanitária Perfumada',25,'2024-10-15','2025-10-15','Desinfetantes','Diluir a água sanitária perfumada em água e aplicar na superfície a ser desinfetada, deixando agir por alguns minutos antes de enxaguar.'),(31,'Limpa-alumínio',40,'2024-10-20','2025-10-20','Limpeza de Utensílios','Aplicar o limpa-alumínio na superfície a ser limpa e esfregar com uma esponja úmida, depois enxaguar com água.'),(32,'Neutralizador de Odores',30,'2024-10-25','2025-10-25','Aromatizantes','Aplicar o neutralizador de odores em áreas com mau cheiro e deixar agir para eliminar os odores indesejados.');
/*!40000 ALTER TABLE `materiais_de_limpeza` ENABLE KEYS */;
UNLOCK TABLES;

--
-- Table structure for table `moveis_e_eletrodomesticos`
--

DROP TABLE IF EXISTS `moveis_e_eletrodomesticos`;
/*!40101 SET @saved_cs_client     = @@character_set_client */;
/*!50503 SET character_set_client = utf8mb4 */;
CREATE TABLE `moveis_e_eletrodomesticos` (
  `ID_item` int NOT NULL AUTO_INCREMENT,
  `Tipo_de_item` varchar(200) DEFAULT NULL,
  `Marca` varchar(100) DEFAULT NULL,
  `Modelo` varchar(100) DEFAULT NULL,
  `Estado_de_Conservacao` varchar(100) DEFAULT NULL,
  `Descricao` text,
  PRIMARY KEY (`ID_item`)
) ENGINE=InnoDB AUTO_INCREMENT=21 DEFAULT CHARSET=utf8mb4 COLLATE=utf8mb4_0900_ai_ci COMMENT='Tabela que armazena informações sobre móveis e eletrodomésticos disponíveis para doação.';
/*!40101 SET character_set_client = @saved_cs_client */;

--
-- Dumping data for table `moveis_e_eletrodomesticos`
--

LOCK TABLES `moveis_e_eletrodomesticos` WRITE;
/*!40000 ALTER TABLE `moveis_e_eletrodomesticos` DISABLE KEYS */;
INSERT INTO `moveis_e_eletrodomesticos` VALUES (1,'Sofá','SofáMaster','Luxo 2000','Novo','Sofá de couro legítimo, cor preta, com 3 lugares e apoios de braço.'),(2,'Mesa de Jantar','TopMóveis','Elegância Plus','Semi-novo','Mesa de jantar retangular, madeira de lei, com capacidade para 8 pessoas.'),(3,'Geladeira','FrioBom','GelaTop 5000','Usado','Geladeira frost-free, branca, com dispenser de água e sistema de economia de energia.'),(4,'Cama de Casal','DormeBem','ReiConforto','Novo','Cama de casal king-size, estrutura de metal resistente, colchão de molas ensacadas.'),(5,'Fogão','CulináriaMaster','Chef 8000','Semi-novo','Fogão a gás de 5 bocas, inox, com forno autolimpante e acendimento automático.'),(6,'TV','VisãoPerfeita','UltraHD 65\"','Usado','Smart TV 4K, tela de 65 polegadas, conexão Wi-Fi, compatível com streaming.'),(7,'Guarda-Roupa','OrganizaTudo','SpaceMax','Novo','Guarda-roupa de 6 portas e 8 gavetas, cor branca, com espelho na porta central.'),(8,'Máquina de Lavar','LavaFácil','CleanPro 10kg','Semi-novo','Máquina de lavar roupa de 10kg, branca, com diversos programas de lavagem.'),(9,'Poltrona','ConfortoDesign','ErgoComfort','Novo','Poltrona reclinável, estofada em tecido suede, cor bege, com apoio para os pés.'),(10,'Micro-ondas','RapidHeat','QuickChef 30L','Usado','Micro-ondas com grill, capacidade de 30 litros, inox, diversas funções de cozimento.'),(11,'Cômoda','OrganizaTudo','CompactMax','Semi-novo','Cômoda com 5 gavetas e 2 portas, cor mogno, ideal para organizar roupas e acessórios.'),(12,'Aspirador de Pó','LimpezaMaster','PowerClean 2000','Usado','Aspirador de pó com potência de 2000W, filtro HEPA, ideal para alérgicos.'),(13,'Escrivaninha','EstudoTop','DeskMaster','Novo','Escrivaninha com 3 gavetas e espaço para computador, cor branca, design moderno.'),(14,'Ventilador','BrisaForte','TurboWind','Usado','Ventilador de mesa com 3 velocidades, oscilante, ideal para dias quentes.'),(15,'Mesa de Centro','DecorArt','Charme 500','Semi-novo','Mesa de centro de vidro temperado, estrutura metálica, design elegante.'),(16,'Fritadeira Elétrica','CulináriaMaster','AirFry 1800','Novo','Fritadeira elétrica sem óleo, capacidade de 3,5 litros, timer e temperatura ajustável.'),(17,'Colchão de Solteiro','DormeBem','SolteiroConfort','Novo','Colchão de solteiro ortopédico, espuma D33, antiácaro e antialérgico.'),(18,'Liquidificador','BateBem','PowerMix 1000','Semi-novo','Liquidificador com jarra de vidro, potência de 1000W, diversas velocidades.'),(19,'Cadeira de Escritório','ErgoConfort','OfficePro','Usado','Cadeira de escritório ergonômica, com ajuste de altura e apoio lombar.'),(20,'Panela Elétrica de Arroz','CozinhaPrática','RiceCook 5L','Novo','Panela elétrica de arroz com capacidade para 5 litros, revestimento antiaderente.');
/*!40000 ALTER TABLE `moveis_e_eletrodomesticos` ENABLE KEYS */;
UNLOCK TABLES;

--
-- Table structure for table `roupas`
--

DROP TABLE IF EXISTS `roupas`;
/*!40101 SET @saved_cs_client     = @@character_set_client */;
/*!50503 SET character_set_client = utf8mb4 */;
CREATE TABLE `roupas` (
  `ID_roupas` int NOT NULL AUTO_INCREMENT,
  `Nome_da_peca` varchar(100) DEFAULT NULL,
  `Quantidade` int DEFAULT NULL,
  `Categoria` varchar(100) DEFAULT NULL,
  `Estado_de_conservacao` varchar(100) DEFAULT NULL,
  `Etiqueta` enum('PP','P','M','G','GG') DEFAULT NULL,
  `Tecidos` varchar(200) DEFAULT NULL,
  `Cor_da_peca` varchar(100) DEFAULT NULL,
  `Genero` enum('MASCULINO','FEMININO','UNISEX') DEFAULT NULL,
  PRIMARY KEY (`ID_roupas`)
) ENGINE=InnoDB AUTO_INCREMENT=89 DEFAULT CHARSET=utf8mb4 COLLATE=utf8mb4_0900_ai_ci COMMENT='Tabela que armazena informações sobre roupas disponíveis para doação.';
/*!40101 SET character_set_client = @saved_cs_client */;

--
-- Dumping data for table `roupas`
--

LOCK TABLES `roupas` WRITE;
/*!40000 ALTER TABLE `roupas` DISABLE KEYS */;
INSERT INTO `roupas` VALUES (1,'Camiseta Básica',200,'Camiseta','Novo','M','Algodão','Branco','UNISEX'),(2,'Calça Jeans Skinny',150,'Calça Jeans','Semi-novo','M','Jeans','Azul','UNISEX'),(3,'Vestido Floral',80,'Vestido','Novo','P','Viscose','Floral','FEMININO'),(4,'Camisa Polo',120,'Camisa','Usado','G','Poliéster','Vermelho','MASCULINO'),(5,'Blusa de Moletom',100,'Moletom','Semi-novo','GG','Algodão','Cinza','UNISEX'),(6,'Blazer Clássico',50,'Blazer','Novo','M','Tecido Sintético','Preto','UNISEX'),(7,'Shorts Jeans',180,'Shorts','Usado','P','Jeans','Azul','FEMININO'),(8,'Casaco de Inverno',70,'Casaco','Novo','G','Lã','Marrom','UNISEX'),(9,'Camiseta Estampada',220,'Camiseta','Novo','G','Algodão','Estampado','UNISEX'),(10,'Calça Legging',130,'Calça','Semi-novo','M','Poliamida','Preto','FEMININO'),(11,'Camisa Social',90,'Camisa','Usado','GG','Algodão','Branco','MASCULINO'),(12,'Saia Midi',60,'Saia','Novo','P','Tecido Plano','Verde','FEMININO'),(13,'Jaqueta de Couro',40,'Jaqueta','Semi-novo','M','Couro Sintético','Preto','UNISEX'),(14,'Top Cropped',150,'Top','Novo','P','Poliamida','Preto','FEMININO'),(15,'Camiseta Manga Longa',180,'Camiseta','Usado','M','Algodão','Azul','UNISEX'),(16,'Calça Social',80,'Calça','Novo','G','Lã','Cinza','UNISEX'),(17,'Macacão Jeans',70,'Macacão','Semi-novo','GG','Jeans','Azul','FEMININO'),(18,'Suéter de Tricô',100,'Suéter','Novo','M','Lã','Vermelho','UNISEX'),(19,'Vestido de Festa',50,'Vestido','Semi-novo','P','Renda','Preto','FEMININO'),(20,'Camisa Xadrez',120,'Camisa','Novo','GG','Algodão','Xadrez','MASCULINO'),(21,'Shorts de Praia',90,'Shorts','Usado','G','Poliamida','Estampado','UNISEX'),(22,'Jaqueta Corta-Vento',60,'Jaqueta','Novo','M','Nylon','Azul','UNISEX'),(23,'Regata Básica',200,'Regata','Semi-novo','GG','Algodão','Branco','UNISEX'),(24,'Blusa de Tricô',130,'Blusa','Novo','P','Lã','Rosa','FEMININO'),(25,'Bermuda Cargo',110,'Bermuda','Usado','M','Tecido Plano','Bege','UNISEX'),(26,'Vestido Jeans',80,'Vestido','Semi-novo','M','Jeans','Azul','FEMININO'),(27,'Blusa de Cetim',100,'Blusa','Novo','G','Cetim','Azul','FEMININO'),(28,'Camiseta Estampada',220,'Camiseta','Semi-novo','M','Algodão','Estampado','UNISEX'),(29,'Calça Pantalona',70,'Calça','Novo','G','Viscose','Preto','FEMININO'),(30,'Camiseta Básica',200,'Camiseta','Novo','M','Algodão','Branco','UNISEX'),(31,'Calça Jeans Skinny',150,'Calça Jeans','Semi-novo','M','Jeans','Azul','UNISEX'),(32,'Vestido Floral',80,'Vestido','Novo','P','Viscose','Floral','FEMININO'),(33,'Camisa Polo',120,'Camisa','Usado','G','Poliéster','Vermelho','MASCULINO'),(34,'Blusa de Moletom',100,'Moletom','Semi-novo','GG','Algodão','Cinza','UNISEX'),(35,'Blazer Clássico',50,'Blazer','Novo','M','Tecido Sintético','Preto','UNISEX'),(36,'Shorts Jeans',180,'Shorts','Usado','P','Jeans','Azul','FEMININO'),(37,'Casaco de Inverno',70,'Casaco','Novo','G','Lã','Marrom','UNISEX'),(38,'Camiseta Estampada',220,'Camiseta','Novo','G','Algodão','Estampado','UNISEX'),(39,'Calça Legging',130,'Calça','Semi-novo','M','Poliamida','Preto','FEMININO'),(40,'Camisa Social',90,'Camisa','Usado','GG','Algodão','Branco','MASCULINO'),(41,'Saia Midi',60,'Saia','Novo','P','Tecido Plano','Verde','FEMININO'),(42,'Jaqueta de Couro',40,'Jaqueta','Semi-novo','M','Couro Sintético','Preto','UNISEX'),(43,'Top Cropped',150,'Top','Novo','P','Poliamida','Preto','FEMININO'),(44,'Camiseta Manga Longa',180,'Camiseta','Usado','M','Algodão','Azul','UNISEX'),(45,'Calça Social',80,'Calça','Novo','G','Lã','Cinza','UNISEX'),(46,'Macacão Jeans',70,'Macacão','Semi-novo','GG','Jeans','Azul','FEMININO'),(47,'Suéter de Tricô',100,'Suéter','Novo','M','Lã','Vermelho','UNISEX'),(48,'Vestido de Festa',50,'Vestido','Semi-novo','P','Renda','Preto','FEMININO'),(49,'Camisa Xadrez',120,'Camisa','Novo','GG','Algodão','Xadrez','MASCULINO'),(50,'Shorts de Praia',90,'Shorts','Usado','G','Poliamida','Estampado','UNISEX'),(51,'Jaqueta Corta-Vento',60,'Jaqueta','Novo','M','Nylon','Azul','UNISEX'),(52,'Regata Básica',200,'Regata','Semi-novo','GG','Algodão','Branco','UNISEX'),(53,'Blusa de Tricô',130,'Blusa','Novo','P','Lã','Rosa','FEMININO'),(54,'Bermuda Cargo',110,'Bermuda','Usado','M','Tecido Plano','Bege','UNISEX'),(55,'Vestido Jeans',80,'Vestido','Semi-novo','M','Jeans','Azul','FEMININO'),(56,'Blusa de Cetim',100,'Blusa','Novo','G','Cetim','Azul','FEMININO'),(57,'Camiseta Estampada',220,'Camiseta','Semi-novo','M','Algodão','Estampado','UNISEX'),(58,'Calça Pantalona',70,'Calça','Novo','G','Viscose','Preto','FEMININO'),(59,'Camiseta Polo',120,'Camiseta','Novo','G','Algodão','Azul','MASCULINO'),(60,'Vestido Longo',80,'Vestido','Semi-novo','P','Poliéster','Vermelho','FEMININO'),(61,'Jaqueta Bomber',50,'Jaqueta','Novo','M','Nylon','Preto','UNISEX'),(62,'Shorts de Tecido',180,'Shorts','Usado','P','Tecido Plano','Verde','FEMININO'),(63,'Blusa de Tricô',100,'Blusa','Novo','M','Lã','Azul','FEMININO'),(64,'Camisa Social',90,'Camisa','Semi-novo','GG','Algodão','Branco','MASCULINO'),(65,'Calça Legging',130,'Calça','Novo','M','Poliamida','Preto','FEMININO'),(66,'Casaco de Lã',70,'Casaco','Novo','G','Lã','Cinza','UNISEX'),(67,'Top Cropped',150,'Top','Semi-novo','P','Poliéster','Preto','FEMININO'),(68,'Blusa de Moletom',100,'Moletom','Novo','GG','Algodão','Azul','UNISEX'),(69,'Saia Midi',60,'Saia','Semi-novo','P','Tecido Plano','Rosa','FEMININO'),(70,'Blazer de Linho',40,'Blazer','Usado','M','Linho','Bege','UNISEX'),(71,'Regata Básica',200,'Regata','Novo','GG','Algodão','Branco','UNISEX'),(72,'Camisa Jeans',120,'Camisa','Semi-novo','M','Jeans','Azul','UNISEX'),(73,'Shorts Jeans',180,'Shorts','Novo','P','Jeans','Azul','FEMININO'),(74,'Vestido de Verão',70,'Vestido','Usado','G','Algodão','Amarelo','FEMININO'),(75,'Blusa Estampada',130,'Blusa','Semi-novo','M','Viscose','Estampado','FEMININO'),(76,'Calça Cargo',110,'Calça','Novo','M','Tecido Plano','Verde','UNISEX'),(77,'Sobretudo',50,'Casaco','Semi-novo','GG','Lã','Preto','UNISEX'),(78,'Body Feminino',120,'Body','Novo','P','Poliéster','Preto','FEMININO'),(79,'Jaqueta Jeans',90,'Jaqueta','Semi-novo','G','Jeans','Azul','UNISEX'),(80,'Pijama Feminino',80,'Pijama','Novo','P','Algodão','Estampado','FEMININO'),(81,'Camiseta Estampada',220,'Camiseta','Novo','G','Algodão','Estampado','UNISEX'),(82,'Calça Pantacourt',70,'Calça','Semi-novo','M','Viscose','Preto','FEMININO'),(83,'Blusa Manga Longa',90,'Blusa','Novo','G','Viscose','Vermelho','FEMININO'),(84,'Vestido Jeans',80,'Vestido','Novo','M','Jeans','Azul','FEMININO'),(85,'Casaco de Inverno',60,'Casaco','Usado','GG','Lã','Cinza','UNISEX'),(86,'Polo Manga Curta',120,'Polo','Semi-novo','M','Algodão','Azul','MASCULINO'),(87,'Shorts de Praia',90,'Shorts','Novo','G','Poliamida','Estampado','UNISEX'),(88,'Saia Lápis',80,'Saia','Semi-novo','P','Tecido Plano','Preto','FEMININO');
/*!40000 ALTER TABLE `roupas` ENABLE KEYS */;
UNLOCK TABLES;

--
-- Table structure for table `usuario_instituicao`
--

DROP TABLE IF EXISTS `usuario_instituicao`;
/*!40101 SET @saved_cs_client     = @@character_set_client */;
/*!50503 SET character_set_client = utf8mb4 */;
CREATE TABLE `usuario_instituicao` (
  `ID` mediumint NOT NULL AUTO_INCREMENT,
  `ID_Usuarios` mediumint DEFAULT NULL,
  `ID_Instituicao` mediumint DEFAULT NULL,
  PRIMARY KEY (`ID`),
  KEY `ID_Usuarios` (`ID_Usuarios`),
  KEY `ID_Instituicao` (`ID_Instituicao`),
  CONSTRAINT `usuario_instituicao_ibfk_1` FOREIGN KEY (`ID_Usuarios`) REFERENCES `usuarios` (`ID_Usuarios`) ON DELETE CASCADE ON UPDATE CASCADE,
  CONSTRAINT `usuario_instituicao_ibfk_2` FOREIGN KEY (`ID_Instituicao`) REFERENCES `instituicao` (`ID_Instituicao`) ON DELETE CASCADE ON UPDATE CASCADE
) ENGINE=InnoDB AUTO_INCREMENT=64 DEFAULT CHARSET=utf8mb4 COLLATE=utf8mb4_0900_ai_ci;
/*!40101 SET character_set_client = @saved_cs_client */;

--
-- Dumping data for table `usuario_instituicao`
--

LOCK TABLES `usuario_instituicao` WRITE;
/*!40000 ALTER TABLE `usuario_instituicao` DISABLE KEYS */;
INSERT INTO `usuario_instituicao` VALUES (1,4,1),(2,5,1),(3,6,1),(4,7,1),(5,8,1),(6,9,1),(7,10,1),(8,11,1),(9,12,1),(10,13,1),(11,14,1),(12,15,1),(13,16,1),(14,17,1),(15,18,1),(16,19,1),(17,20,1),(18,21,1),(19,22,1),(20,23,1),(21,24,1),(22,25,1),(23,26,1),(24,27,1),(25,28,1),(26,29,1),(27,30,1),(28,31,1),(29,32,1),(30,33,1),(31,34,1),(32,35,1),(33,36,1),(34,37,1),(35,38,1),(36,39,1),(37,40,1),(38,41,1),(39,42,1),(40,43,1),(41,44,1),(42,45,1),(43,46,1),(44,47,1),(45,48,1),(46,49,1),(47,50,1),(48,51,1),(49,52,1),(50,53,1),(51,54,1),(52,55,1),(53,56,1),(54,57,1),(55,58,1);
/*!40000 ALTER TABLE `usuario_instituicao` ENABLE KEYS */;
UNLOCK TABLES;

--
-- Table structure for table `usuarios`
--

DROP TABLE IF EXISTS `usuarios`;
/*!40101 SET @saved_cs_client     = @@character_set_client */;
/*!50503 SET character_set_client = utf8mb4 */;
CREATE TABLE `usuarios` (
  `ID_Usuarios` mediumint NOT NULL AUTO_INCREMENT,
  `Nome_Usuarios` varchar(100) DEFAULT NULL,
  `Email` varchar(50) DEFAULT NULL COMMENT 'Cada usuário deve ter um e-mail único.',
  `Endereco` varchar(225) DEFAULT NULL,
  `Tipo_de_Usuarios` varchar(50) DEFAULT NULL,
  `ID_Instituicao` mediumint DEFAULT NULL,
  PRIMARY KEY (`ID_Usuarios`),
  UNIQUE KEY `Email` (`Email`),
  UNIQUE KEY `Usuarios_index_0` (`Email`),
  KEY `ID_Instituicao` (`ID_Instituicao`),
  CONSTRAINT `usuarios_ibfk_1` FOREIGN KEY (`ID_Instituicao`) REFERENCES `instituicao` (`ID_Instituicao`)
) ENGINE=InnoDB AUTO_INCREMENT=59 DEFAULT CHARSET=utf8mb4 COLLATE=utf8mb4_0900_ai_ci COMMENT='Esta tabela armazena informações dos usuários registrados no sistema.';
/*!40101 SET character_set_client = @saved_cs_client */;

--
-- Dumping data for table `usuarios`
--

LOCK TABLES `usuarios` WRITE;
/*!40000 ALTER TABLE `usuarios` DISABLE KEYS */;
INSERT INTO `usuarios` VALUES (4,'Kauã','usuario1@exemplo.com','Endereço 1','Admin',1),(5,'Samuel','usuario2@exemplo.com','Endereço 2','Admin',1),(6,'Beatriz','usuario3@exemplo.com','Endereço 3','Admin',1),(7,'Ana','usuario4@exemplo.com','Endereço 4','Admin',1),(8,'Miszael','usuario5@exemplo.com','Endereço 5','Admin',1),(9,'Maria','maria@gmail.com','Rua Roberto Michellin, 95 - Antônio Marincek - CEP 14061-190','Comum',1),(10,'António','antonio@hotmail.com','Rua das Flores, 32 - São Paulo - CEP 01001-000','Comum',1),(11,'João','joao@gmail.com','Avenida Paulista, 1234 - Bela Vista - CEP 01310-000','Comum',1),(12,'José','jose@hotmail.com','Rua da Consolação, 123 - Consolação - CEP 01301-100','Comum',1),(13,'Francisco','francisco@gmail.com','Rua Augusta, 1001 - Consolação - CEP 01304-001','Comum',1),(14,'Ana','ana@hotmail.com','Rua Oscar Freire, 900 - Pinheiros - CEP 05409-001','Comum',1),(15,'Manuel','manuel@gmail.com','Avenida Faria Lima, 2232 - Pinheiros - CEP 05489-001','Comum',1),(16,'Luís','luis@hotmail.com','Rua Barão de Tatuí, 150 - Santa Cecília - CEP 01226-030','Comum',1),(17,'Pedro','pedro@gmail.com','Rua Haddock Lobo, 595 - Cerqueira César - CEP 01414-001','Comum',1),(18,'Mariana','mariana@hotmail.com','Avenida Brasil, 1200 - Jardim Paulista - CEP 01430-000','Comum',1),(19,'Fernando','fernando@gmail.com','Rua Estados Unidos, 2100 - Jardim América - CEP 01427-002','Comum',1),(20,'Margarida','margarida@hotmail.com','Alameda Santos, 231 - Cerqueira César - CEP 01418-000','Comum',1),(21,'Isabel','isabel@gmail.com','Rua Augusta, 1137 - Consolação - CEP 01305-100','Comum',1),(22,'Sofia','sofia@hotmail.com','Rua Haddock Lobo, 557 - Cerqueira César - CEP 01414-000','Comum',1),(23,'Carlos','carlos@gmail.com','Rua Oscar Freire, 777 - Cerqueira César - CEP 01426-000','Comum',1),(24,'Inês','ines@hotmail.com','Avenida Paulista, 1234 - Bela Vista - CEP 01310-000','Comum',1),(25,'Helena','helena@gmail.com','Rua Augusta, 1001 - Consolação - CEP 01304-001','Comum',1),(26,'Miguel','miguel@hotmail.com','Rua das Flores, 32 - São Paulo - CEP 01001-000','Comum',1),(27,'Nuno','nuno@gmail.com','Avenida Faria Lima, 2232 - Pinheiros - CEP 05489-001','Comum',1),(28,'Eduardo','eduardo@hotmail.com','Rua Barão de Tatuí, 150 - Santa Cecília - CEP 01226-030','Comum',1),(29,'Amélia','amelia@gmail.com','Rua Haddock Lobo, 595 - Cerqueira César - CEP 01414-001','Comum',1),(30,'Bernardo','bernardo@hotmail.com','Avenida Brasil, 1200 - Jardim Paulista - CEP 01430-000','Comum',1),(31,'Catarina','catarina@gmail.com','Rua Estados Unidos, 2100 - Jardim América - CEP 01427-002','Comum',1),(32,'Jaime','jaime@hotmail.com','Alameda Santos, 231 - Cerqueira César - CEP 01418-000','Comum',1),(33,'Joana','joana@gmail.com','Rua Augusta, 1137 - Consolação - CEP 01305-100','Comum',1),(34,'Rui','rui@hotmail.com','Rua Haddock Lobo, 557 - Cerqueira César - CEP 01414-000','Comum',1),(35,'Alexandre','alexandre@gmail.com','Rua Oscar Freire, 777 - Cerqueira César - CEP 01426-000','Comum',1),(36,'Domingos','domingos@hotmail.com','Avenida Paulista, 1234 - Bela Vista - CEP 01310-000','Comum',1),(37,'Frederico','frederico@gmail.com','Rua Augusta, 1001 - Consolação - CEP 01304-001','Comum',1),(38,'Jorge','jorge@hotmail.com','Rua das Flores, 32 - São Paulo - CEP 01001-000','Comum',1),(39,'Josefa','josefa@gmail.com','Avenida Faria Lima, 2232 - Pinheiros - CEP 05489-001','Comum',1),(40,'Teresa','teresa@hotmail.com','Rua Barão de Tatuí, 150 - Santa Cecília - CEP 01226-030','Comum',1),(41,'Vasco','vasco@gmail.com','Rua Haddock Lobo, 595 - Cerqueira César - CEP 01414-001','Comum',1),(42,'Alexandra','alexandra@hotmail.com','Avenida Brasil, 1200 - Jardim Paulista - CEP 01430-000','Comum',1),(43,'Beatriz','beatriz@gmail.com','Rua Estados Unidos, 2100 - Jardim América - CEP 01427-002','Comum',1),(44,'Daniel','daniel@hotmail.com','Alameda Santos, 231 - Cerqueira César - CEP 01418-000','Comum',1),(45,'Duarte','duarte@gmail.com','Rua Augusta, 1137 - Consolação - CEP 01305-100','Comum',1),(46,'Joaquim','joaquim@hotmail.com','Rua Haddock Lobo, 557 - Cerqueira César - CEP 01414-000','Comum',1),(47,'Marta','marta@gmail.com','Rua Oscar Freire, 777 - Cerqueira César - CEP 01426-000','Comum',1),(48,'Ricardo','ricardo@hotmail.com','Avenida Paulista, 1234 - Bela Vista - CEP 01310-000','Comum',1),(49,'Rodrigo','rodrigo@gmail.com','Rua Augusta, 1001 - Consolação - CEP 01304-001','Comum',1),(50,'Rosa','rosa@hotmail.com','Rua das Flores, 32 - São Paulo - CEP 01001-000','Comum',1),(51,'Virgínia','virginia@gmail.com','Avenida Faria Lima, 2232 - Pinheiros - CEP 05489-001','Comum',1),(52,'Armando','armando@hotmail.com','Rua Barão de Tatuí, 150 - Santa Cecília - CEP 01226-030','Comum',1),(53,'Bárbara','barbara@gmail.com','Rua Haddock Lobo, 595 - Cerqueira César - CEP 01414-001','Comum',1),(54,'Bento','bento@hotmail.com','Avenida Brasil, 1200 - Jardim Paulista - CEP 01430-000','Comum',1),(55,'Carolina','carolina@gmail.com','Rua Estados Unidos, 2100 - Jardim América - CEP 01427-002','Comum',1),(56,'Diogo','diogo@hotmail.com','Alameda Santos, 231 - Cerqueira César - CEP 01418-000','Comum',1),(57,'Elias','elias@gmail.com','Rua Augusta, 1137 - Consolação - CEP 01305-100','Comum',1),(58,'Jerónimo','jeronimo@hotmail.com','Rua Haddock Lobo, 557 - Cerqueira César - CEP 01414-000','Comum',1);
/*!40000 ALTER TABLE `usuarios` ENABLE KEYS */;
UNLOCK TABLES;

--
-- Table structure for table `voluntarios`
--

DROP TABLE IF EXISTS `voluntarios`;
/*!40101 SET @saved_cs_client     = @@character_set_client */;
/*!50503 SET character_set_client = utf8mb4 */;
CREATE TABLE `voluntarios` (
  `ID_Voluntario` mediumint NOT NULL AUTO_INCREMENT,
  `Nome_Voluntario` varchar(100) DEFAULT NULL,
  `Disponibilidade` timestamp NULL DEFAULT NULL,
  `Habilidades` text,
  `Email` varchar(50) DEFAULT NULL,
  `Telefone` varchar(50) DEFAULT NULL,
  `Descricao` text,
  PRIMARY KEY (`ID_Voluntario`),
  KEY `Voluntarios_index_1` (`Nome_Voluntario`)
) ENGINE=InnoDB AUTO_INCREMENT=34 DEFAULT CHARSET=utf8mb4 COLLATE=utf8mb4_0900_ai_ci COMMENT='Tabela que armazena informações dos voluntários registrados no sistema.';
/*!40101 SET character_set_client = @saved_cs_client */;

--
-- Dumping data for table `voluntarios`
--

LOCK TABLES `voluntarios` WRITE;
/*!40000 ALTER TABLE `voluntarios` DISABLE KEYS */;
INSERT INTO `voluntarios` VALUES (1,'Ana Maria Silva','2024-06-10 03:00:00','enfermagem','anamaria@gmail.com','(497) 7615-3153','Tenho experiência como enfermeira em hospitais e clínicas.'),(2,'Carlos Eduardo','2024-06-12 03:00:00','fisioterapia','carlosedu@gmail.com','(291) 5135-6922','Voluntário em centros de reabilitação com habilidades em fisioterapia.'),(3,'Fernanda Lopes','2024-06-15 03:00:00','nutrição','fernandalopes@hotmail.com','(920) 5254-8659','Nutricionista com experiência em planejamento alimentar e dietas saudáveis.'),(4,'Mariana Souza','2024-06-18 03:00:00','farmácia','mariana.souza@yahoo.com','(753) 1700-5892','Experiência em farmácias comunitárias e distribuição de medicamentos.'),(5,'Lucas Pereira','2024-06-20 03:00:00','psicologia','lucas_pereira@gmail.com','(436) 4136-7594','Psicólogo com habilidades em atendimento terapêutico e suporte emocional.'),(6,'Gabriel Almeida','2024-06-22 03:00:00','primeiros socorros','gabriel.almeida@outlook.com','(556) 5021-8426','Especialista em primeiros socorros com experiência em emergências.'),(7,'Juliana Costa','2024-06-25 03:00:00','odontologia','julianacosta@petmail.com','(706) 0046-9039','Voluntária em clínicas odontológicas com experiência em cuidados dentários.'),(8,'Rafael Oliveira','2024-06-27 03:00:00','biomedicina','rafael.oliveira@builder.com','(505) 8174-5694','Experiência em laboratórios de análises clínicas e pesquisas biomédicas.'),(9,'Bruna Santos','2024-06-30 03:00:00','saúde pública','brunasantos@edu.com','(395) 2670-1498','Especialista em saúde pública com habilidades em planejamento e execução de campanhas de saúde.'),(10,'Pedro Fernandes','2024-07-02 03:00:00','atendimento de emergência','pedro.fernandes@eventos.com','(948) 2915-6131','Paramédico com experiência em atendimento de emergências e resgate.'),(11,'Rita Gomes','2024-07-04 03:00:00','enfermagem pediátrica','rita.gomes@pediatria.com','(191) 1158-0060','Enfermeira pediátrica com experiência em cuidados infantis.'),(12,'João Santos','2024-06-10 03:00:00','enfermagem','joaosantos@gmail.com','(682) 3961-9319','Enfermeiro com experiência em UTI.'),(13,'Mariana Oliveira','2024-06-12 03:00:00','fisioterapia','mariana.oliveira@gmail.com','(471) 5606-3895','Fisioterapeuta especializada em reabilitação.'),(14,'Pedro Alves','2024-06-15 03:00:00','nutrição','pedro.alves@hotmail.com','(265) 1604-0045','Nutricionista com foco em alimentação saudável.'),(15,'Gabriela Silva','2024-06-18 03:00:00','farmácia','gabriela.silva@yahoo.com','(541) 6938-8449','Farmacêutica com experiência em atenção farmacêutica.'),(16,'Luiz Costa','2024-06-20 03:00:00','psicologia','luiz.costa@gmail.com','(143) 1804-4730','Psicólogo clínico com prática em terapia cognitivo-comportamental.'),(17,'Laura Ferreira','2024-06-22 03:00:00','primeiros socorros','laura.ferreira@outlook.com','(823) 7004-0305','Instrutora de primeiros socorros certificada.'),(18,'José Oliveira','2024-06-25 03:00:00','odontologia','jose.oliveira@petmail.com','(051) 1653-6723','Dentista com experiência em tratamentos dentários.'),(19,'Mariana Santos','2024-06-27 03:00:00','biomedicina','mariana.santos@builder.com','(865) 3121-9634','Técnica de laboratório com conhecimento em análises clínicas.'),(20,'Luana Almeida','2024-06-30 03:00:00','saúde pública','luana.almeida@edu.com','(880) 5125-9209','Pesquisadora em saúde pública com habilidades em epidemiologia.'),(21,'Fernando Sousa','2024-07-02 03:00:00','atendimento de emergência','fernando.sousa@eventos.com','(067) 5726-6619','Bombeiro voluntário com treinamento em resgate.'),(22,'Catarina Gomes','2024-07-04 03:00:00','enfermagem pediátrica','catarina.gomes@pediatria.com','(591) 9724-0873','Enfermeira pediátrica com experiência em cuidados infantis.'),(23,'Pedro Henrique','2024-06-10 03:00:00','enfermagem','pedrohenrique@gmail.com','(519) 3353-1184','Enfermeiro com experiência em UTI.'),(24,'Amanda Lima','2024-06-12 03:00:00','fisioterapia','amandalima@gmail.com','(586) 5748-1163','Fisioterapeuta especializada em reabilitação.'),(25,'José Carlos','2024-06-15 03:00:00','nutrição','josecarlos@hotmail.com','(856) 9357-1079','Nutricionista com foco em alimentação saudável.'),(26,'Carla Mendes','2024-06-18 03:00:00','farmácia','carlamendes@yahoo.com','(732) 3376-4916','Farmacêutica com experiência em atenção farmacêutica.'),(27,'Gustavo Oliveira','2024-06-20 03:00:00','psicologia','gustavo.oliveira@gmail.com','(445) 7502-4161','Psicólogo clínico com prática em terapia cognitivo-comportamental.'),(28,'Camila Ferreira','2024-06-22 03:00:00','primeiros socorros','camilaferreira@outlook.com','(830) 9016-0182','Instrutora de primeiros socorros certificada.'),(29,'Paulo Oliveira','2024-06-25 03:00:00','odontologia','paulooliveira@petmail.com','(386) 8761-2220','Dentista com experiência em tratamentos dentários.'),(30,'Rafaela Santos','2024-06-27 03:00:00','biomedicina','rafaela.santos@builder.com','(481) 7433-2710','Técnica de laboratório com conhecimento em análises clínicas.'),(31,'Marcos Almeida','2024-06-30 03:00:00','saúde pública','marcosalmeida@edu.com','(125) 8120-6852','Pesquisador em saúde pública com habilidades em epidemiologia.'),(32,'Lucas Ferreira','2024-07-02 03:00:00','atendimento de emergência','lucas.ferreira@eventos.com','(989) 8939-4998','Bombeiro voluntário com treinamento em resgate.'),(33,'Camila Gomes','2024-07-04 03:00:00','enfermagem pediátrica','camila.gomes@pediatria.com','(817) 5881-4881','Enfermeira pediátrica com experiência em cuidados infantis.');
/*!40000 ALTER TABLE `voluntarios` ENABLE KEYS */;
UNLOCK TABLES;
/*!40103 SET TIME_ZONE=@OLD_TIME_ZONE */;

/*!40101 SET SQL_MODE=@OLD_SQL_MODE */;
/*!40014 SET FOREIGN_KEY_CHECKS=@OLD_FOREIGN_KEY_CHECKS */;
/*!40014 SET UNIQUE_CHECKS=@OLD_UNIQUE_CHECKS */;
/*!40101 SET CHARACTER_SET_CLIENT=@OLD_CHARACTER_SET_CLIENT */;
/*!40101 SET CHARACTER_SET_RESULTS=@OLD_CHARACTER_SET_RESULTS */;
/*!40101 SET COLLATION_CONNECTION=@OLD_COLLATION_CONNECTION */;
/*!40111 SET SQL_NOTES=@OLD_SQL_NOTES */;

-- Dump completed on 2024-06-06 19:31:48
